,Attrition,Age,DistanceFromHome,MonthlyIncome,NumCompaniesWorked,PercentSalaryHike,TotalWorkingYears,TrainingTimesLastYear,YearsAtCompany,YearsSinceLastPromotion,YearsWithCurrManager,PerformanceRating,JobInvolvement,EnvironmentSatisfaction,JobSatisfaction,WorkLifeBalance,NumCompaniesWorked_Missing,TotalWorkngYears_Missing,EnvironmentSatisfaction_Missing,JobSatisfaction_Missing,WorkLifeBalance_Missing,Age_Bin,Gender_Male,JobRole_Human_Resources,JobRole_Laboratory _Technician,JobRole_Manager,JobRole_Manufacturing_Director,JobRole_Research_Director,JobRole_Research_Scientist,JobRole_Sales_Executive,JobRole_Sales_Representative,BusinessTravel_Travel_Frequently,BusinessTravel_Travel_Rarely,Education_2,Education_3,Education_4,Education_5,EducationField_Life_Sciences,EducationField_Marketing,EducationField_Medical,EducationField_Other,EducationField_Technical_Degree,JobLevel_2,JobLevel_3,JobLevel_4,JobLevel_5,MaritalStatus_Married,MaritalStatus_Single,Department_Research_Development,Department_Sales,StockOptionLevel_1,StockOptionLevel_2,StockOptionLevel_3
3630,0,56,3,25870,4.0,12,19.0,2,2,2,2,3,2,2.0,4.0,3.0,1,1,1,1,1,3,1,0,0,1,0,0,0,0,0,0,1,0,1,0,0,1,0,0,0,0,0,0,1,0,0,0,1,0,0,0,0
848,0,51,1,40330,2.0,14,15.0,2,2,2,2,3,3,2.0,2.0,4.0,1,1,1,1,1,3,0,0,0,1,0,0,0,0,0,0,1,0,0,1,0,1,0,0,0,0,0,0,0,0,1,0,1,0,0,0,0
2715,0,39,2,138720,9.0,12,12.0,3,8,3,6,3,3,4.0,3.0,4.0,1,1,1,1,1,1,0,0,0,0,0,0,0,0,0,0,1,0,0,1,0,0,1,0,0,0,0,0,1,0,1,0,0,1,0,0,1
3746,1,26,18,26130,6.0,16,6.0,2,4,1,2,3,2,3.0,2.0,2.0,1,1,1,1,1,0,1,0,1,0,0,0,0,0,0,0,1,1,0,0,0,1,0,0,0,0,1,0,0,0,0,1,1,0,1,0,0
4018,1,36,8,56600,7.0,6,9.0,3,1,0,0,3,3,2.0,1.0,1.0,1,1,1,1,1,1,0,0,0,0,0,0,1,0,0,0,1,1,0,0,0,1,0,0,0,0,0,0,0,0,0,0,1,0,0,0,0
535,0,27,5,37550,1.0,19,5.0,2,5,0,3,3,3,2.0,4.0,2.0,1,1,1,1,1,0,1,0,1,0,0,0,0,0,0,0,1,0,0,1,0,1,0,0,0,0,1,0,0,0,0,0,1,0,0,0,0
2485,0,53,9,21480,3.0,11,21.0,2,5,1,3,3,4,3.0,1.0,3.0,1,1,1,1,1,3,0,0,0,0,0,0,1,0,0,0,1,0,0,1,0,1,0,0,0,0,1,0,0,0,1,0,1,0,0,0,0
4165,1,30,12,55620,5.0,10,8.0,3,5,0,4,3,2,1.0,2.0,1.0,1,1,1,1,1,0,0,0,0,0,0,0,1,0,0,0,1,0,0,1,0,1,0,0,0,0,1,0,0,0,0,1,1,0,0,0,0
484,0,40,21,194060,3.0,20,16.0,2,1,0,0,4,4,1.0,4.0,4.0,1,1,1,1,1,1,1,0,0,0,0,0,1,0,0,1,0,0,0,1,0,1,0,0,0,0,1,0,0,0,1,0,1,0,0,0,1
3079,0,27,2,37080,1.0,16,6.0,2,6,4,4,3,4,3.0,4.0,4.0,1,1,1,1,1,0,1,1,0,0,0,0,0,0,0,0,1,0,0,1,0,1,0,0,0,0,0,0,0,0,1,0,1,0,0,1,0
3423,0,54,1,23620,6.0,11,9.0,2,5,1,4,3,4,4.0,4.0,3.0,1,1,1,1,1,3,0,1,0,0,0,0,0,0,0,0,1,0,1,0,0,0,0,1,0,0,1,0,0,0,0,1,1,0,1,0,0
570,0,28,1,56790,0.0,13,10.0,2,9,7,5,3,4,3.0,4.0,2.0,1,1,1,1,1,0,1,0,0,0,0,0,0,1,0,0,0,0,1,0,0,0,0,1,0,0,0,0,0,1,1,0,1,0,0,0,0
3670,0,31,3,96100,0.0,19,6.0,2,5,1,4,3,4,4.0,4.0,1.0,1,1,1,1,1,1,0,0,0,0,0,0,1,0,0,0,0,0,0,0,0,0,0,1,0,0,0,1,0,0,1,0,0,1,1,0,0
4175,1,47,1,57620,1.0,6,10.0,4,10,9,9,3,2,2.0,2.0,2.0,1,1,1,1,1,2,1,0,0,0,0,0,1,0,0,0,0,0,0,0,0,0,0,1,0,0,0,0,0,0,1,0,1,0,0,1,0
2216,0,37,1,54290,1.0,17,16.0,3,16,6,8,3,3,4.0,2.0,4.0,1,1,1,1,1,1,0,0,0,0,0,0,0,1,0,0,1,0,1,0,0,1,0,0,0,0,0,0,1,0,1,0,1,0,1,0,0
3970,1,30,11,68250,1.0,6,1.0,2,1,0,0,3,2,1.0,2.0,2.0,1,1,1,1,1,0,1,0,0,0,0,0,0,0,0,1,0,0,1,0,0,0,0,0,1,0,1,0,0,0,1,0,1,0,0,0,0
824,0,30,7,95820,0.0,12,10.0,2,9,0,7,3,3,1.0,4.0,2.0,1,1,1,1,1,0,1,0,0,0,0,1,0,0,0,1,0,0,1,0,0,1,0,0,0,0,0,0,0,0,0,1,0,1,1,0,0
1561,0,42,14,199990,2.0,23,17.0,6,5,1,3,4,2,4.0,3.0,3.0,1,1,1,1,1,2,0,0,0,0,0,0,1,0,0,0,1,0,0,0,0,0,0,0,0,1,1,0,0,0,1,0,1,0,1,0,0
2934,0,29,1,27160,0.0,18,8.0,2,7,1,1,3,2,4.0,4.0,4.0,1,1,1,1,1,0,1,0,0,0,0,0,1,0,0,1,0,0,0,1,0,0,0,1,0,0,0,1,0,0,0,0,1,0,0,0,0
4051,1,39,22,28360,0.0,15,6.0,3,5,0,3,4,3,4.0,1.0,1.0,1,1,1,1,1,1,1,0,1,0,0,0,0,0,0,0,1,1,0,0,0,1,0,0,0,0,1,0,0,0,0,1,1,0,0,0,0
3909,1,46,1,97140,1.0,17,9.0,0,9,4,7,2,2,2.0,2.0,1.0,1,1,1,1,1,2,0,0,0,0,0,0,1,0,0,0,1,1,0,0,0,0,0,1,0,0,1,0,0,0,0,1,0,1,0,0,0
2967,0,40,7,45230,5.0,16,5.0,5,0,0,0,3,4,4.0,4.0,3.0,1,1,1,1,1,1,1,0,0,0,1,0,0,0,0,1,0,0,1,0,0,0,0,1,0,0,0,0,0,0,1,0,0,1,1,0,0
3194,0,35,5,135820,1.0,17,1.0,3,1,0,1,3,2,1.0,4.0,3.0,1,1,1,1,1,1,0,0,0,0,0,0,0,0,1,0,1,0,1,0,0,0,1,0,0,0,0,1,0,0,1,0,0,1,1,0,0
1369,0,38,2,49070,1.0,11,1.0,3,1,0,0,3,1,2.0,2.0,3.0,1,1,1,1,1,1,0,0,0,0,0,0,0,1,0,1,0,0,1,0,0,0,1,0,0,0,1,0,0,0,1,0,0,1,1,0,0
1585,0,31,1,121850,3.0,14,13.0,2,7,5,2,3,4,4.0,3.0,3.0,1,1,1,1,1,1,0,0,0,0,0,0,0,0,1,0,1,0,1,0,0,1,0,0,0,0,0,0,0,0,1,0,0,1,0,0,0
1924,0,42,1,31620,2.0,17,24.0,1,20,13,9,3,4,2.0,4.0,4.0,1,1,1,1,1,2,1,0,0,0,1,0,0,0,0,1,0,0,0,1,0,0,0,0,0,1,1,0,0,0,1,0,0,0,0,1,0
4072,1,28,2,22740,3.0,15,5.0,5,3,1,2,3,2,2.0,3.0,1.0,1,1,1,1,1,0,1,0,0,0,0,0,1,0,0,1,0,0,1,0,0,0,0,1,0,0,0,0,0,0,1,0,1,0,1,0,0
3207,0,39,5,106090,2.0,17,10.0,2,7,7,7,3,2,2.0,3.0,4.0,1,1,1,1,1,1,1,0,0,0,0,0,1,0,0,0,1,1,0,0,0,1,0,0,0,0,0,1,0,0,1,0,1,0,1,0,0
838,0,42,1,174650,8.0,13,7.0,3,5,0,4,3,4,4.0,4.0,3.0,1,1,1,1,1,2,0,0,0,0,0,0,0,0,0,0,1,0,1,0,0,0,0,0,1,0,0,0,0,0,0,0,0,0,1,0,0
3839,1,28,1,17060,7.0,6,8.0,3,0,0,0,3,2,3.0,3.0,1.0,1,1,1,1,1,0,1,0,1,0,0,0,0,0,0,1,0,0,1,0,0,0,1,0,0,0,1,0,0,0,0,1,0,1,0,0,0
1775,0,19,2,115570,1.0,22,1.0,0,1,0,1,4,3,3.0,4.0,4.0,1,1,1,1,1,0,1,0,1,0,0,0,0,0,0,0,1,0,0,1,0,0,1,0,0,0,0,1,0,0,0,1,0,1,0,0,0
1192,0,40,22,167040,9.0,22,5.0,2,3,0,2,4,4,3.0,4.0,3.0,1,1,1,1,1,1,1,0,0,0,1,0,0,0,0,0,0,1,0,0,0,1,0,0,0,0,0,0,0,0,1,0,1,0,0,0,0
4377,1,50,14,49000,1.0,3,3.0,3,3,0,2,1,3,2.0,1.0,4.0,1,1,1,1,1,2,1,0,0,0,0,1,0,0,0,0,1,0,0,1,0,0,0,1,0,0,0,0,0,0,1,0,1,0,0,0,0
823,0,45,15,71190,4.0,15,9.0,2,5,0,3,3,4,4.0,2.0,4.0,1,1,1,1,1,2,1,0,0,0,0,0,0,0,1,0,1,0,0,1,0,0,0,1,0,0,0,0,0,0,1,0,1,0,0,0,0
2745,0,24,1,81890,1.0,14,1.0,3,1,0,0,3,4,2.0,2.0,2.0,1,1,1,1,1,0,0,0,0,0,1,0,0,0,0,0,0,0,0,0,1,0,1,0,0,0,0,0,0,0,0,0,0,1,1,0,0
738,0,36,14,67250,9.0,17,7.0,3,3,1,1,3,3,4.0,4.0,2.0,1,1,1,1,1,1,1,0,0,0,1,0,0,0,0,0,1,0,0,0,0,0,0,1,0,0,1,0,0,0,1,0,1,0,1,0,0
2619,0,30,2,48500,0.0,12,4.0,4,3,1,2,3,2,2.0,3.0,3.0,1,1,1,1,1,0,1,0,0,0,0,0,0,1,0,0,1,0,1,0,0,1,0,0,0,0,0,0,0,0,0,1,1,0,1,0,0
3383,0,34,6,25850,3.0,21,9.0,5,4,0,1,3,3,4.0,4.0,3.0,1,1,1,1,1,1,0,0,1,0,0,0,0,0,0,0,1,0,0,0,0,1,0,0,0,0,0,1,0,0,1,0,1,0,0,0,0
769,0,36,1,10510,2.0,14,15.0,2,4,1,3,3,3,4.0,2.0,4.0,1,1,1,1,1,1,0,0,0,0,0,0,0,0,0,0,1,0,1,0,0,1,0,0,0,0,1,0,0,0,0,1,1,0,0,0,0
1237,0,46,6,40710,3.0,13,28.0,5,7,7,7,3,4,4.0,4.0,3.0,1,1,1,1,1,2,0,0,0,0,0,1,0,0,0,0,1,0,1,0,0,1,0,0,0,0,0,0,1,0,1,0,1,0,0,0,0
851,0,36,22,50560,7.0,12,15.0,2,12,5,7,3,3,4.0,2.0,3.0,1,1,1,1,1,1,0,0,0,0,0,0,1,0,0,0,1,0,1,0,0,0,0,0,0,1,0,0,1,0,1,0,1,0,0,0,0
3262,0,37,10,119040,1.0,12,6.0,4,6,1,3,3,2,1.0,4.0,3.0,1,1,1,1,1,1,1,0,1,0,0,0,0,0,0,1,0,0,1,0,0,1,0,0,0,0,0,0,0,0,0,0,1,0,1,0,0
2674,0,34,1,53810,1.0,12,10.0,0,10,8,8,3,4,3.0,4.0,3.0,1,1,1,1,1,1,1,0,0,0,0,0,1,0,0,0,1,0,0,0,1,0,0,1,0,0,0,0,0,0,1,0,1,0,0,0,0
2470,0,46,6,40710,3.0,13,28.0,5,7,7,7,3,4,4.0,1.0,4.0,1,1,1,1,1,2,0,0,0,0,0,1,0,0,0,0,1,0,1,0,0,1,0,0,0,0,0,0,1,0,1,0,1,0,0,0,0
1890,0,44,4,43820,7.0,16,11.0,2,1,0,0,3,3,4.0,3.0,4.0,1,1,1,1,1,2,0,0,0,0,1,0,0,0,0,1,0,0,1,0,0,1,0,0,0,0,0,0,0,1,1,0,1,0,0,1,0
598,0,40,2,45770,5.0,11,15.0,3,12,11,8,3,3,1.0,3.0,3.0,1,1,1,1,1,1,1,0,0,0,0,0,0,1,0,0,1,0,1,0,0,1,0,0,0,0,1,0,0,0,0,0,1,0,1,0,0
2311,0,35,2,101240,0.0,14,16.0,2,15,2,8,3,4,1.0,2.0,2.0,1,1,1,1,1,1,1,0,0,0,0,0,0,0,0,0,1,0,0,1,0,0,0,1,0,0,1,0,0,0,0,1,1,0,1,0,0
2013,0,49,2,42270,4.0,18,17.0,3,2,2,2,3,3,4.0,3.0,2.0,1,1,1,1,1,2,1,0,1,0,0,0,0,0,0,0,1,0,0,1,0,0,0,1,0,0,0,0,0,0,0,0,1,0,0,0,0
615,0,42,18,26420,0.0,13,21.0,3,20,0,9,3,4,3.0,3.0,4.0,1,1,1,1,1,2,0,0,0,0,0,0,1,0,0,0,1,0,1,0,0,0,1,0,0,0,0,1,0,0,1,0,0,1,1,0,0
2274,0,44,21,47590,2.0,21,9.0,2,4,1,3,4,3,3.0,3.0,3.0,1,1,1,1,1,2,1,0,0,0,0,0,0,0,0,0,1,0,1,0,0,1,0,0,0,0,0,0,0,1,1,0,0,0,0,0,0
1179,0,43,5,20280,4.0,20,7.0,2,5,2,2,4,4,4.0,4.0,2.0,1,1,1,1,1,2,1,0,0,0,0,0,0,0,0,0,0,1,0,0,0,0,0,1,0,0,0,0,0,0,0,0,1,0,1,0,0
532,0,49,11,62300,2.0,14,23.0,2,1,0,0,3,3,4.0,4.0,3.0,1,1,1,1,1,2,1,0,0,0,0,0,1,0,0,0,1,0,0,1,0,1,0,0,0,0,1,0,0,0,1,0,0,1,0,0,0
3774,1,35,29,20700,1.0,12,5.0,1,4,0,2,1,1,3.0,4.0,2.0,1,1,1,1,1,1,1,0,0,0,0,0,0,0,0,0,1,0,1,0,0,0,0,1,0,0,0,1,0,0,0,0,0,1,0,0,1
2220,0,21,8,66870,1.0,19,2.0,0,2,1,2,3,2,4.0,4.0,4.0,1,1,1,1,1,0,1,0,0,0,0,0,1,0,0,0,1,0,0,0,1,0,0,1,0,0,0,1,0,0,0,1,0,1,0,0,1
3605,0,19,1,152020,1.0,14,1.0,2,1,0,0,3,4,4.0,3.0,4.0,1,1,1,1,1,0,0,0,0,0,1,0,0,0,0,0,1,0,1,0,0,0,0,0,1,0,0,0,0,1,0,1,1,0,0,0,1
4371,1,28,1,100960,5.0,8,6.0,2,4,0,3,2,1,3.0,4.0,2.0,1,1,1,1,1,0,1,0,0,0,0,1,0,0,0,0,1,0,0,1,0,1,0,0,0,0,0,0,0,1,0,1,1,0,0,0,0
2407,0,55,5,26550,8.0,17,36.0,0,24,2,15,3,2,3.0,4.0,3.0,1,1,1,1,1,3,0,0,1,0,0,0,0,0,0,0,1,0,0,0,0,1,0,0,0,0,1,0,0,0,0,1,1,0,0,0,0
2370,0,41,8,79450,4.0,12,21.0,6,7,7,7,3,4,3.0,3.0,4.0,1,1,1,1,1,2,0,0,0,0,1,0,0,0,0,1,0,1,0,0,0,0,0,1,0,0,0,1,0,0,0,0,0,1,1,0,0
3406,0,26,2,20800,0.0,22,8.0,6,7,7,6,3,3,4.0,4.0,4.0,1,1,1,1,1,0,1,0,0,0,0,0,1,0,0,0,1,1,0,0,0,1,0,0,0,0,1,0,0,0,0,1,1,0,0,0,0
3826,1,29,4,68110,0.0,12,9.0,2,8,7,7,1,3,4.0,3.0,2.0,1,1,1,1,1,0,0,0,1,0,0,0,0,0,0,1,0,1,0,0,0,0,1,0,0,0,1,0,0,0,0,1,0,1,1,0,0
2662,0,38,2,20140,3.0,17,8.0,5,0,0,0,3,4,3.0,4.0,4.0,1,1,1,1,1,1,1,1,0,0,0,0,0,0,0,0,1,0,0,1,0,0,0,1,0,0,0,0,0,0,0,1,0,0,1,0,0
3469,0,35,6,32290,1.0,14,10.0,2,10,0,2,4,4,4.0,4.0,4.0,1,1,1,1,1,1,1,0,0,0,1,0,0,0,0,1,0,1,0,0,0,1,0,0,0,0,1,0,0,0,1,0,0,1,0,0,0
3917,1,19,6,53320,1.0,21,0.0,2,0,0,0,2,2,3.0,1.0,3.0,1,1,1,1,1,0,1,0,0,1,0,0,0,0,0,0,1,1,0,0,0,1,0,0,0,0,0,0,0,0,0,1,1,0,1,0,0
2095,0,43,6,22580,4.0,18,7.0,2,3,1,2,3,4,1.0,4.0,3.0,1,1,1,1,1,2,0,0,0,0,0,0,0,1,0,0,0,0,0,0,1,0,0,1,0,0,0,1,0,0,0,1,0,0,0,0,0
4271,1,33,4,49360,0.0,10,6.0,2,5,0,3,3,3,3.0,3.089749430523918,3.0161804922515953,1,1,1,0,0,1,1,0,0,0,0,0,0,1,0,0,1,1,0,0,0,1,0,0,0,0,0,0,0,0,0,1,1,0,0,0,0
4308,1,34,8,26940,1.0,7,2.0,3,2,2,2,2,2,1.0,2.0,3.0,1,1,1,1,1,1,1,0,0,0,0,0,1,0,0,0,1,0,0,1,0,0,0,1,0,0,1,0,0,0,1,0,1,0,1,0,0
2154,0,33,1,12230,1.0,13,10.0,3,10,0,9,3,3,4.0,3.0,4.0,1,1,1,1,1,1,0,0,0,0,0,0,0,1,0,0,1,0,1,0,0,1,0,0,0,0,0,0,0,1,0,1,0,1,1,0,0
2850,0,41,9,168720,2.0,15,21.0,2,18,0,11,3,3,1.0,4.0,4.0,1,1,1,1,1,2,1,0,1,0,0,0,0,0,0,1,0,0,1,0,0,0,0,0,1,0,0,0,0,0,0,0,0,1,1,0,0
1845,0,43,2,78610,1.0,14,20.0,1,20,1,8,3,3,1.0,1.0,4.0,1,1,1,1,1,2,1,0,1,0,0,0,0,0,0,0,1,1,0,0,0,0,0,1,0,0,0,0,0,0,0,1,1,0,0,1,0
832,0,49,2,47280,3.0,11,8.0,4,5,0,4,3,4,4.0,3.0,4.0,1,1,1,1,1,2,1,0,0,0,0,0,0,1,0,0,1,0,0,1,0,0,1,0,0,0,0,0,0,0,0,1,0,1,1,0,0
1378,0,60,13,23390,4.0,20,22.0,4,18,13,11,4,4,2.0,4.0,3.0,1,1,1,1,1,3,0,0,1,0,0,0,0,0,0,1,0,0,1,0,0,1,0,0,0,0,0,0,1,0,1,0,1,0,0,0,0
3888,1,31,2,70940,1.0,9,10.0,2,10,0,8,2,3,4.0,1.0,1.0,1,1,1,1,1,1,1,0,0,0,0,0,0,1,0,1,0,0,0,0,0,0,0,0,1,0,0,1,0,0,1,0,1,0,1,0,0
1728,0,53,5,40310,3.0,12,26.0,3,7,4,7,3,4,1.0,3.0,4.0,1,1,1,1,1,3,1,0,0,0,0,1,0,0,0,0,1,0,0,1,0,1,0,0,0,0,0,0,0,0,0,0,1,0,1,0,0
3493,0,34,22,107930,0.0,14,3.0,1,2,1,2,3,4,4.0,3.0,3.0,1,1,1,1,1,1,1,0,1,0,0,0,0,0,0,0,1,0,1,0,0,0,0,0,0,1,0,0,0,0,0,0,1,0,0,0,1
1735,0,50,20,32020,2.0,24,32.0,2,2,2,2,4,4,4.0,3.0,3.0,1,1,1,1,1,2,0,0,0,0,0,0,0,0,0,1,0,0,0,1,0,1,0,0,0,0,1,0,0,0,1,0,1,0,1,0,0
4025,1,35,8,61180,0.0,11,9.0,3,8,4,7,2,2,3.0,1.0,2.0,1,1,1,1,1,1,1,0,0,0,0,0,0,0,1,0,1,0,0,1,0,1,0,0,0,0,0,1,0,0,0,1,0,1,1,0,0
774,0,43,2,24220,1.0,11,14.0,2,14,6,11,3,3,2.0,1.0,2.0,1,1,1,1,1,2,0,0,0,0,0,0,1,0,0,0,1,0,0,1,0,1,0,0,0,0,0,0,0,0,1,0,1,0,1,0,0
3415,0,33,2,168800,1.0,12,9.0,2,9,2,8,3,4,4.0,4.0,3.0,1,1,1,1,1,1,0,0,0,0,0,0,0,1,0,1,0,0,0,1,0,0,0,1,0,0,0,0,1,0,0,0,1,0,0,0,1
574,0,31,1,195130,1.0,12,10.0,1,10,9,6,3,3,4.0,4.0,3.0,1,1,1,1,1,1,1,0,0,0,0,0,0,1,0,0,0,1,0,0,0,0,0,1,0,0,0,0,0,0,0,0,1,0,1,0,0
404,0,35,19,57450,1.0,17,3.0,4,3,1,2,3,2,4.0,4.0,4.0,1,1,1,1,1,1,1,0,0,0,0,0,0,1,0,0,1,0,1,0,0,0,0,1,0,0,0,0,0,1,0,0,0,1,0,0,1
4264,1,25,30,82680,1.0,8,7.0,3,7,5,6,3,3,3.0,3.0,2.0,1,1,1,1,1,0,0,0,0,0,0,0,1,0,0,0,1,0,0,1,0,0,0,0,0,0,1,0,0,0,1,0,0,0,0,0,0
2901,0,26,4,46820,1.0,11,6.0,3,5,1,3,3,2,4.0,4.0,1.0,1,1,1,1,1,0,0,0,0,0,0,0,0,1,0,0,1,0,0,1,0,0,0,1,0,0,1,0,0,0,1,0,1,0,1,0,0
2240,0,29,4,75530,1.0,19,5.0,3,5,0,4,3,3,2.0,4.0,3.0,1,1,1,1,1,0,1,0,0,0,0,0,0,0,1,0,1,0,1,0,0,0,0,1,0,0,1,0,0,0,0,1,1,0,0,0,0
2327,0,46,10,20740,2.0,15,21.0,3,10,9,5,3,3,2.0,4.0,3.0,1,1,1,1,1,2,1,0,1,0,0,0,0,0,0,1,0,0,0,0,0,0,0,1,0,0,0,0,0,0,1,0,1,0,1,0,0
2385,0,28,3,54330,1.0,13,5.0,4,5,0,2,3,3,3.0,4.0,4.0,1,1,1,1,1,0,1,0,0,0,0,0,0,0,0,0,1,0,0,1,0,1,0,0,0,0,1,0,0,0,1,0,0,1,1,0,0
317,0,44,18,104530,2.0,11,10.0,2,3,0,2,3,4,4.0,3.0,4.0,1,1,1,1,1,2,0,0,1,0,0,0,0,0,0,0,1,0,1,0,0,0,0,1,0,0,0,0,0,0,1,0,1,0,1,0,0
3921,1,19,12,41870,0.0,18,1.0,4,0,0,0,3,2,4.0,3.0,2.0,1,1,1,1,1,0,1,0,0,0,0,0,0,0,0,1,0,1,0,0,0,1,0,0,0,0,1,0,0,0,0,1,1,0,1,0,0
4217,1,33,1,28710,1.0,10,10.0,2,10,7,8,1,3,4.0,3.0,2.0,1,1,1,1,1,1,1,0,1,0,0,0,0,0,0,0,1,1,0,0,0,0,0,1,0,0,0,1,0,0,0,1,1,0,0,0,1
4243,1,58,11,59570,4.0,11,7.0,2,1,0,0,2,2,2.0,2.0,2.0,1,1,1,1,1,3,0,0,0,0,0,0,0,1,0,0,1,1,0,0,0,0,0,1,0,0,0,0,1,0,0,1,0,1,1,0,0
2453,0,45,14,58110,0.0,14,25.0,4,24,1,7,3,2,4.0,3.0,3.0,1,1,1,1,1,2,0,0,0,0,0,0,0,0,1,0,1,0,0,0,0,1,0,0,0,0,1,0,0,0,1,0,1,0,0,0,0
355,0,48,1,21770,4.0,18,13.0,4,0,0,0,3,3,3.0,4.0,4.0,1,1,1,1,1,2,1,0,0,0,0,0,1,0,0,0,1,0,0,1,0,0,0,1,0,0,0,0,0,0,1,0,1,0,0,0,0
443,0,33,18,39830,4.0,12,9.0,3,3,1,2,3,4,4.0,4.0,3.0,1,1,1,1,1,1,0,0,0,0,0,0,0,1,0,0,1,0,0,1,0,0,1,0,0,0,0,0,1,0,0,0,0,1,0,0,0
3576,0,24,2,34070,0.0,12,6.0,4,5,1,2,3,3,4.0,4.0,1.0,1,1,1,1,1,0,1,0,1,0,0,0,0,0,0,0,1,0,0,0,0,1,0,0,0,0,1,0,0,0,1,0,1,0,1,0,0
2785,0,36,11,39290,0.0,24,6.0,6,5,0,3,4,3,1.0,4.0,3.0,1,1,1,1,1,1,1,0,0,0,0,0,1,0,0,0,1,0,1,0,0,0,0,0,1,0,1,0,0,0,1,0,1,0,0,0,0
148,0,35,12,54060,0.0,12,6.0,2,5,4,3,3,2,4.0,3.0,4.0,1,1,1,1,1,1,0,0,1,0,0,0,0,0,0,0,1,1,0,0,0,0,0,1,0,0,1,0,0,0,0,1,1,0,1,0,0
4150,1,34,5,55620,1.0,12,9.0,3,9,0,6,2,1,4.0,3.0,3.0,1,1,1,1,1,1,0,0,0,0,0,0,0,1,0,1,0,0,0,1,0,1,0,0,0,0,0,0,0,1,0,1,0,0,0,0,0
4273,1,29,7,22440,1.0,12,11.0,5,11,3,10,1,2,3.0,3.0,1.0,1,1,1,1,1,0,1,0,0,0,0,0,0,1,0,0,1,0,1,0,0,1,0,0,0,0,0,0,0,0,1,0,1,0,0,0,1
3959,1,19,5,76440,1.0,9,1.0,2,1,0,0,3,3,2.0,1.0,2.0,1,1,1,1,1,0,1,0,0,0,0,0,0,1,0,0,1,0,1,0,0,0,0,1,0,0,0,0,0,0,0,1,1,0,0,1,0
2874,0,55,21,27890,3.0,13,17.0,2,8,6,7,3,4,2.0,4.0,3.0,1,1,1,1,1,3,0,0,0,0,0,0,0,1,0,1,0,1,0,0,0,1,0,0,0,0,1,0,0,0,1,0,1,0,1,0,0
2228,0,36,1,132470,1.0,14,15.0,3,15,11,11,3,2,2.0,3.0,4.0,1,1,1,1,1,1,0,1,0,0,0,0,0,0,0,0,0,0,0,0,0,0,0,1,0,0,0,0,0,0,0,0,0,1,0,0,0
4401,1,32,6,34770,1.0,6,14.0,2,14,9,8,1,2,1.0,3.0,3.0161804922515953,1,1,1,1,0,1,1,0,0,0,0,0,0,0,0,0,1,0,1,0,0,0,0,1,0,0,0,0,0,0,1,0,1,0,0,0,0
1425,0,37,7,20860,4.0,14,17.0,3,3,1,0,3,4,3.0,2.0,4.0,1,1,1,1,1,1,0,0,1,0,0,0,0,0,0,0,1,0,0,1,0,0,1,0,0,0,1,0,0,0,1,0,0,1,0,0,0
76,0,23,16,53990,1.0,23,4.0,2,4,0,2,4,4,4.0,4.0,3.0,1,1,1,1,1,0,1,0,0,0,1,0,0,0,0,0,1,0,0,1,0,1,0,0,0,0,0,0,0,0,0,0,1,0,0,0,0
1106,0,25,21,88530,1.0,22,2.0,3,2,2,1,4,3,3.0,4.0,4.0,1,1,1,1,1,0,1,0,1,0,0,0,0,0,0,0,1,0,1,0,0,0,0,0,0,1,0,0,0,0,1,0,1,0,1,0,0
1469,0,60,6,53290,8.0,20,10.0,3,2,2,2,4,4,1.0,3.0,1.0,1,1,1,1,1,3,0,0,1,0,0,0,0,0,0,0,1,1,0,0,0,1,0,0,0,0,0,0,0,1,0,1,1,0,0,0,0
2497,0,42,2,29560,5.0,13,23.0,2,20,4,8,3,4,2.0,2.0,4.0,1,1,1,1,1,2,1,0,0,0,0,1,0,0,0,1,0,1,0,0,0,0,1,0,0,0,0,1,0,0,1,0,0,1,0,0,0
2096,0,41,2,35970,3.0,13,11.0,2,3,1,2,3,1,3.0,3.0,3.0,1,1,1,1,1,2,1,0,0,0,0,0,1,0,0,0,1,0,1,0,0,1,0,0,0,0,0,1,0,0,0,1,1,0,1,0,0
151,0,46,2,88370,2.0,18,15.0,3,3,1,2,3,3,2.0,3.0,4.0,1,1,1,1,1,2,1,0,0,0,0,0,0,0,0,0,1,0,1,0,0,1,0,0,0,0,0,0,0,0,1,0,1,0,0,0,0
3975,1,33,18,24060,1.0,7,10.0,3,10,9,7,1,2,1.0,1.0,2.0,1,1,1,1,1,1,0,0,1,0,0,0,0,0,0,1,0,0,0,1,0,0,0,1,0,0,0,0,0,0,0,1,1,0,0,0,0
4218,1,47,5,27740,4.0,10,8.0,2,5,1,3,2,2,2.0,3.0,2.0,1,1,1,1,1,2,1,0,0,0,0,1,0,0,0,1,0,0,1,0,0,1,0,0,0,0,0,0,0,0,0,1,1,0,1,0,0
857,0,40,2,25390,4.0,12,7.0,3,4,0,2,3,4,2.0,4.0,4.0,1,1,1,1,1,1,1,0,0,0,0,1,0,0,0,0,1,1,0,0,0,0,0,1,0,0,0,0,0,0,1,0,1,0,1,0,0
1102,0,34,1,41980,1.0,22,16.0,2,16,2,10,4,4,2.0,3.0,3.0,1,1,1,1,1,1,1,0,1,0,0,0,0,0,0,0,1,0,0,1,0,0,0,0,1,0,0,0,1,0,0,1,1,0,1,0,0
1630,0,26,1,175840,1.0,20,8.0,2,8,1,3,4,4,1.0,4.0,4.0,1,1,1,1,1,0,0,0,0,0,0,0,1,0,0,0,1,0,1,0,0,0,1,0,0,0,1,0,0,0,1,0,0,1,0,0,0
44,0,31,16,99070,0.0,13,6.0,3,5,0,3,3,3,2.0,3.0,4.0,1,1,1,1,1,1,0,0,0,0,0,0,1,0,0,0,1,0,0,0,0,0,0,0,0,1,0,1,0,0,1,0,1,0,1,0,0
399,0,48,2,45540,2.0,11,19.0,3,2,2,2,3,4,2.0,4.0,3.0,1,1,1,1,1,2,1,0,0,0,0,0,0,1,0,0,1,0,0,1,0,0,0,1,0,0,1,0,0,0,0,1,0,0,0,1,0
3172,0,30,11,27950,3.0,13,9.0,4,4,1,3,3,4,3.0,4.0,4.0,1,1,1,1,1,0,1,0,0,0,0,1,0,0,0,0,1,0,1,0,0,0,0,0,0,1,0,0,0,1,1,0,1,0,0,0,0
3706,1,52,8,47740,2.0,13,11.0,2,8,7,7,1,3,1.0,2.0,2.0,1,1,1,1,1,3,0,0,0,0,0,0,1,0,0,0,1,0,0,0,0,1,0,0,0,0,1,0,0,0,1,0,1,0,1,0,0
2718,0,27,8,29560,8.0,13,9.0,6,7,0,7,3,2,2.0,4.0,4.0,1,1,1,1,1,0,0,0,1,0,0,0,0,0,0,0,1,0,1,0,0,1,0,0,0,0,0,0,0,0,0,1,1,0,0,0,0
2933,0,34,7,26570,2.0,13,5.0,3,3,0,2,3,3,3.0,3.0,3.0,1,1,1,1,1,1,1,0,0,0,0,0,0,1,0,1,0,0,0,0,0,0,0,0,0,1,1,0,0,0,0,1,0,1,1,0,0
393,0,18,4,32300,1.0,12,0.0,3,0,0,0,3,4,3.0,4.0,2.0,1,1,1,1,1,0,1,0,0,1,0,0,0,0,0,0,0,0,0,1,0,0,0,0,1,0,1,0,0,0,0,1,0,1,1,0,0
518,0,40,1,37800,7.0,12,7.0,2,5,1,3,3,3,4.0,4.0,3.0,1,1,1,1,1,1,0,0,0,0,0,0,1,0,0,0,1,0,1,0,0,0,0,1,0,0,1,0,0,0,0,0,1,0,0,0,0
2332,0,58,6,29720,0.0,14,38.0,2,37,1,8,3,2,3.0,2.0,4.0,1,1,1,1,1,3,1,0,0,0,0,0,0,1,0,0,1,0,0,1,0,1,0,0,0,0,1,0,0,0,0,1,1,0,0,0,0
2347,0,36,6,26900,0.0,11,10.0,1,9,2,8,3,4,4.0,2.0,3.0,1,1,1,1,1,1,1,0,0,0,0,0,1,0,0,1,0,0,1,0,0,0,0,1,0,0,0,0,0,0,1,0,0,0,0,0,0
2919,0,38,5,47360,0.0,11,9.0,3,8,2,7,3,2,1.0,4.0,3.0,1,1,1,1,1,1,1,0,0,0,0,0,1,0,0,0,1,1,0,0,0,0,0,1,0,0,0,0,0,0,0,0,1,0,1,0,0
895,0,48,2,62720,4.0,14,29.0,3,22,12,9,3,3,2.0,3.0,4.0,1,1,1,1,1,2,0,0,0,1,0,0,0,0,0,0,1,0,1,0,0,1,0,0,0,0,1,0,0,0,1,0,1,0,0,0,0
4259,1,51,28,192720,9.0,14,18.0,2,10,2,7,2,2,2.0,2.0,2.0,1,1,1,1,1,3,0,0,0,0,0,0,1,0,0,0,1,0,1,0,0,0,0,1,0,0,1,0,0,0,1,0,0,1,0,0,0
4047,1,21,24,53370,1.0,12,2.0,2,2,2,2,3,2,2.0,2.0,3.0,1,1,1,1,1,0,0,0,0,0,0,0,1,0,0,1,0,1,0,0,0,0,0,1,0,0,0,0,1,0,0,1,1,0,1,0,0
232,0,47,2,50210,2.0,17,20.0,3,7,1,7,3,4,4.0,1.0,4.0,1,1,1,1,1,2,0,0,0,0,0,0,0,1,0,0,1,0,1,0,0,0,0,1,0,0,0,0,0,1,0,1,1,0,0,0,0
1920,0,37,2,20220,1.0,12,10.0,1,10,3,7,3,4,1.0,4.0,4.0,1,1,1,1,1,1,1,0,0,0,0,0,1,0,0,0,1,1,0,0,0,0,0,1,0,0,0,0,0,0,1,0,1,0,0,0,0
1821,0,40,11,33480,3.0,22,7.0,2,4,0,3,4,2,2.0,2.0,4.0,1,1,1,1,1,1,0,0,0,0,0,0,1,0,0,0,1,0,0,1,0,0,0,1,0,0,0,0,0,0,1,0,1,0,0,0,0
1018,0,27,4,44000,9.0,17,6.0,3,2,2,2,3,3,2.0,2.0,3.0,1,1,1,1,1,0,0,0,0,0,1,0,0,0,0,0,1,0,0,1,0,0,0,1,0,0,0,0,1,0,1,0,0,1,1,0,0
469,0,42,17,22010,4.0,12,16.0,3,1,0,0,3,4,2.0,4.0,3.0,1,1,1,1,1,2,0,0,0,0,0,0,0,0,0,0,1,1,0,0,0,1,0,0,0,0,0,0,0,0,0,1,0,1,1,0,0
252,0,27,8,29560,8.0,13,9.0,6,7,0,7,3,3,3.0,3.0,3.0,1,1,1,1,1,0,0,0,1,0,0,0,0,0,0,0,1,0,1,0,0,1,0,0,0,0,0,0,0,0,0,1,1,0,0,0,0
2675,0,26,6,54540,1.0,13,3.0,5,3,0,2,3,3,2.0,4.0,3.0,1,1,1,1,1,0,1,0,0,0,1,0,0,0,0,0,1,1,0,0,0,1,0,0,0,0,0,0,0,0,1,0,1,0,1,0,0
4255,1,36,8,56600,7.0,6,9.0,3,1,0,0,2,2,1.0,1.0,2.0,1,1,1,1,1,1,0,0,0,0,0,0,1,0,0,0,1,1,0,0,0,1,0,0,0,0,0,0,0,0,0,0,1,0,0,0,0
4064,1,31,5,30570,1.0,15,1.0,3,1,0,0,1,3,2.0,3.0,1.0,1,1,1,1,1,1,1,0,0,1,0,0,0,0,0,1,0,0,1,0,0,1,0,0,0,0,1,0,0,0,0,1,0,1,0,0,0
1577,0,36,21,84740,0.0,14,17.0,3,16,4,11,3,4,3.0,3.0,2.0,1,1,1,1,1,1,1,0,1,0,0,0,0,0,0,0,1,0,0,1,0,0,0,1,0,0,0,0,0,0,1,0,1,0,0,0,0
1651,0,59,4,56740,3.0,12,14.0,6,6,0,4,3,3,2.0,4.0,2.0,1,1,1,1,1,3,1,0,0,0,0,0,1,0,0,0,1,0,1,0,0,1,0,0,0,0,1,0,0,0,1,0,1,0,0,0,0
1519,0,35,8,26320,3.0,13,7.0,3,2,2,2,3,2,1.0,3.0,2.0,1,1,1,1,1,1,0,0,0,0,0,0,1,0,0,0,1,0,0,1,0,0,1,0,0,0,0,0,0,0,0,1,0,1,0,0,1
128,0,52,21,33750,2.0,21,28.0,2,5,0,4,4,3,4.0,4.0,3.0,1,1,1,1,1,3,0,0,0,0,0,0,0,0,1,0,1,1,0,0,0,1,0,0,0,0,1,0,0,0,1,0,1,0,0,0,0
716,0,29,8,24040,1.0,17,10.0,3,10,1,5,3,4,4.0,4.0,3.0,1,1,1,1,1,0,1,0,0,0,0,0,0,0,1,0,1,0,1,0,0,1,0,0,0,0,0,0,0,0,0,1,1,0,0,0,0
2061,0,29,6,23770,8.0,21,10.0,2,3,0,2,4,4,2.0,4.0,4.0,1,1,1,1,1,0,0,0,0,0,0,0,0,1,0,1,0,0,0,1,0,1,0,0,0,0,0,0,0,0,0,1,1,0,1,0,0
2805,0,33,6,38150,3.0,11,7.0,3,4,0,3,3,4,1.0,4.0,2.0,1,1,1,1,1,1,1,0,0,0,1,0,0,0,0,0,1,0,1,0,0,1,0,0,0,0,1,0,0,0,0,0,0,1,1,0,0
914,0,41,4,66230,5.0,18,14.0,3,5,1,4,3,2,4.0,3.0,4.0,1,1,1,1,1,2,0,0,0,0,0,0,0,1,0,0,1,0,1,0,0,1,0,0,0,0,0,0,0,0,1,0,1,0,0,0,0
3073,0,33,2,87930,6.0,17,8.0,2,5,1,2,3,2,3.0,3.0,3.0,1,1,1,1,1,1,0,0,0,0,0,0,0,1,0,1,0,0,1,0,0,0,0,1,0,0,0,0,0,0,1,0,1,0,0,0,0
3110,0,45,1,184300,4.0,12,10.0,5,3,1,2,3,2,1.0,4.0,3.0,1,1,1,1,1,2,0,0,0,0,0,0,1,0,0,0,1,1,0,0,0,1,0,0,0,0,0,0,0,0,1,0,1,0,1,0,0
42,0,38,4,63840,3.0,19,19.0,4,10,0,1,2,4,4.0,3.0,4.0,1,1,1,1,1,1,0,0,0,0,0,0,1,0,0,0,1,1,0,0,0,1,0,0,0,0,0,1,0,0,1,0,1,0,0,1,0
2955,0,56,2,44490,2.6948303347756775,15,28.0,3,5,4,2,3,3,3.0,4.0,4.0,0,1,1,1,1,3,1,0,0,0,0,0,0,0,0,0,1,1,0,0,0,0,0,0,1,0,1,0,0,0,0,0,1,0,0,0,0
3633,0,38,3,70820,1.0,14,2.0,3,2,2,1,3,4,3.0,3.0,4.0,1,1,1,1,1,1,1,0,0,0,1,0,0,0,0,0,1,0,0,1,0,1,0,0,0,0,0,0,0,0,0,1,0,1,0,0,0
4088,1,40,19,36330,3.0,13,10.0,0,4,0,3,3,3,2.0,4.0,1.0,1,1,1,1,1,1,1,0,0,0,0,1,0,0,0,0,1,0,0,1,0,0,1,0,0,0,0,0,0,0,0,1,0,1,0,1,0
927,0,56,3,198470,4.0,14,6.0,6,0,0,0,3,3,3.0,3.0,3.0,1,1,1,1,1,3,0,0,0,0,0,0,0,1,0,0,1,0,1,0,0,0,0,0,0,1,1,0,0,0,1,0,1,0,0,0,0
748,0,40,18,56660,1.0,14,18.0,2,18,14,12,3,3,1.0,1.0,2.0,1,1,1,1,1,1,1,0,1,0,0,0,0,0,0,0,1,0,0,0,0,1,0,0,0,0,0,0,0,0,1,0,1,0,1,0,0
2832,0,32,19,37300,1.0,25,8.0,4,8,6,3,4,3,3.0,3.0,2.0,1,1,1,1,1,1,1,0,1,0,0,0,0,0,0,0,1,0,1,0,0,1,0,0,0,0,0,0,1,0,1,0,1,0,1,0,0
2176,0,31,20,180610,1.0,14,10.0,2,10,8,7,3,4,3.0,2.0,3.0,1,1,1,1,1,1,0,1,0,0,0,0,0,0,0,1,0,0,0,0,1,0,0,0,0,1,1,0,0,0,1,0,1,0,1,0,0
1849,0,52,4,27590,9.0,18,12.0,6,5,0,4,3,3,4.0,4.0,3.0,1,1,1,1,1,3,0,0,0,0,0,0,0,0,0,0,1,1,0,0,0,1,0,0,0,0,0,0,0,0,1,0,1,0,1,0,0
4322,1,18,4,24790,1.0,4,0.0,2,0,0,0,1,3,3.0,1.0,1.0,1,1,1,1,1,0,1,0,0,0,0,1,0,0,0,1,0,0,0,0,1,0,0,1,0,0,0,0,0,0,0,1,1,0,1,0,0
2885,0,45,13,54840,1.0,20,6.0,6,6,0,4,4,3,4.0,4.0,3.0,1,1,1,1,1,2,1,0,0,0,0,0,0,1,0,0,1,0,0,0,0,0,0,1,0,0,1,0,0,0,0,1,1,0,0,0,1
446,0,37,6,71430,2.0,21,8.0,6,1,0,0,4,2,4.0,4.0,3.0,1,1,1,1,1,1,1,0,0,0,0,0,0,1,0,0,1,0,0,1,0,1,0,0,0,0,0,0,1,0,0,0,1,0,0,0,0
3465,0,38,18,39040,1.0,14,10.0,3,10,1,9,4,4,2.0,4.0,3.0,1,1,1,1,1,1,1,0,0,0,0,0,0,0,1,0,1,0,1,0,0,0,0,1,0,0,0,1,0,0,1,0,1,0,0,0,0
212,0,35,8,134580,1.0,11,17.0,3,17,11,8,3,2,4.0,4.0,2.0,1,1,1,1,1,1,0,0,1,0,0,0,0,0,0,0,1,0,0,0,1,0,0,1,0,0,0,0,1,0,0,1,1,0,0,0,0
179,0,24,18,29350,0.0,14,3.0,5,2,2,1,3,3,4.0,3.0,3.0,1,1,1,1,1,0,0,0,0,0,0,0,0,0,0,1,0,0,1,0,0,1,0,0,0,0,0,0,0,0,1,0,0,1,0,1,0
2732,0,26,2,28350,3.0,11,5.0,2,2,2,0,3,1,2.0,4.0,2.0,1,1,1,1,1,0,1,0,0,0,1,0,0,0,0,1,0,1,0,0,0,1,0,0,0,0,0,0,0,0,0,0,1,0,1,0,0
2820,0,49,20,43450,4.0,15,29.0,3,26,1,7,3,2,2.0,4.0,4.0,1,1,1,1,1,2,0,0,0,0,0,0,0,1,0,0,1,1,0,0,0,1,0,0,0,0,1,0,0,0,1,0,1,0,0,0,0
158,0,55,1,120310,3.0,11,37.0,5,10,7,7,3,4,4.0,4.0,3.0,1,1,1,1,1,3,0,0,0,0,0,0,0,1,0,0,1,0,1,0,0,0,0,1,0,0,0,0,0,0,0,1,1,0,0,0,0
1531,0,35,1,108550,3.0,13,17.0,2,8,1,6,3,4,3.0,2.0,4.0,1,1,1,1,1,1,1,0,0,0,0,1,0,0,0,0,1,0,1,0,0,0,0,1,0,0,0,0,0,0,0,1,1,0,1,0,0
3655,0,40,18,45020,8.0,17,15.0,0,7,3,7,3,3,4.0,4.0,3.0,1,1,1,1,1,1,0,0,1,0,0,0,0,0,0,0,1,0,1,0,0,0,0,1,0,0,0,0,0,0,1,0,1,0,0,1,0
3430,0,25,6,41030,6.0,13,7.0,2,2,0,2,3,2,3.0,1.0,4.0,1,1,1,1,1,0,1,0,0,0,0,0,0,1,0,0,1,1,0,0,0,0,0,1,0,0,0,0,0,1,0,0,1,0,1,0,0
3913,1,34,5,55620,1.0,11,9.0,3,9,0,6,3,1,2.0,2.0,1.0,1,1,1,1,1,1,0,0,0,0,0,0,0,1,0,1,0,0,0,1,0,1,0,0,0,0,0,0,0,1,0,1,0,0,0,0,0
411,0,44,13,80200,3.0,11,23.0,2,12,11,11,3,3,4.0,2.0,3.0,1,1,1,1,1,2,0,0,0,0,0,0,0,0,0,0,1,0,1,0,0,1,0,0,0,0,0,0,0,0,1,0,1,0,1,0,0
1949,0,29,8,24040,1.0,17,10.0,3,10,1,5,3,3,4.0,3.0,4.0,1,1,1,1,1,0,1,0,0,0,0,0,0,0,1,0,1,0,1,0,0,1,0,0,0,0,0,0,0,0,0,1,1,0,0,0,0
820,0,39,2,109760,1.0,11,9.0,3,9,5,8,3,2,4.0,1.0,2.0,1,1,1,1,1,1,0,0,0,0,1,0,0,0,0,0,0,0,1,0,0,1,0,0,0,0,1,0,0,0,1,0,1,0,0,0,0
2403,0,50,15,31950,2.0,11,5.0,4,3,0,2,3,3,1.0,4.0,4.0,1,1,1,1,1,2,1,0,0,0,0,0,0,1,0,0,1,0,0,1,0,0,1,0,0,0,0,1,0,0,1,0,0,1,0,0,0
4207,1,30,11,68250,1.0,12,1.0,2,1,0,0,2,3,1.0,1.0,1.0,1,1,1,1,1,0,1,0,0,0,0,0,0,0,0,1,0,0,1,0,0,0,0,0,1,0,1,0,0,0,1,0,1,0,0,0,0
216,0,27,7,59930,0.0,14,5.0,3,4,1,1,3,2,3.0,4.0,3.0,1,1,1,1,1,0,1,0,0,0,0,1,0,0,0,0,1,0,1,0,0,0,1,0,0,0,0,0,0,1,0,1,0,1,1,0,0
234,0,53,6,28590,3.0,18,32.0,2,5,1,3,3,4,4.0,3.0,3.0,1,1,1,1,1,3,1,0,1,0,0,0,0,0,0,0,1,0,0,0,0,1,0,0,0,0,1,0,0,0,1,0,1,0,1,0,0
2069,0,32,8,87400,2.0,11,12.0,2,7,0,7,3,2,4.0,4.0,4.0,1,1,1,1,1,1,0,0,1,0,0,0,0,0,0,0,0,0,0,1,0,1,0,0,0,0,0,0,0,0,0,1,1,0,1,0,0
1781,0,51,11,105270,4.0,14,31.0,3,29,11,10,3,1,1.0,2.0,4.0,1,1,1,1,1,3,1,0,0,0,0,1,0,0,0,1,0,0,1,0,0,1,0,0,0,0,1,0,0,0,0,0,1,0,0,0,0
2479,0,21,2,42130,1.0,12,3.0,3,3,1,0,3,2,4.0,3.0,3.0,1,1,1,1,1,0,1,0,1,0,0,0,0,0,0,0,1,1,0,0,0,1,0,0,0,0,0,0,0,0,0,1,1,0,0,0,1
4351,1,29,16,52200,1.0,8,1.0,3,1,1,0,1,4,3.0,3.0,1.0,1,1,1,1,1,0,0,0,1,0,0,0,0,0,0,1,0,1,0,0,0,1,0,0,0,0,0,0,0,0,0,1,1,0,0,0,0
468,0,29,1,27160,0.0,18,8.0,2,7,1,1,3,3,4.0,4.0,4.0,1,1,1,1,1,0,1,0,0,0,0,0,1,0,0,1,0,0,0,1,0,0,0,1,0,0,0,1,0,0,0,0,1,0,0,0,0
1896,0,24,8,51600,1.0,17,1.0,3,1,0,0,3,4,1.0,2.0,3.0,1,1,1,1,1,0,0,0,0,1,0,0,0,0,0,0,0,0,1,0,0,1,0,0,0,0,1,0,0,0,1,0,1,0,1,0,0
462,0,36,1,34520,2.0,13,18.0,4,11,0,9,3,3,1.0,3.0,3.0,1,1,1,1,1,1,1,0,0,0,0,0,0,0,1,0,0,0,1,0,0,0,0,1,0,0,0,1,0,0,0,1,1,0,0,0,1
1349,0,34,22,56770,9.0,20,6.0,3,3,1,2,4,4,4.0,3.0,2.0,1,1,1,1,1,1,1,0,1,0,0,0,0,0,0,0,0,0,1,0,0,0,0,1,0,0,0,0,0,0,1,0,1,0,1,0,0
3885,1,32,11,191900,3.0,14,8.0,2,4,0,3,3,3,1.0,2.0,2.0,1,1,1,1,1,1,1,0,1,0,0,0,0,0,0,1,0,0,1,0,0,1,0,0,0,0,1,0,0,0,0,1,1,0,1,0,0
2752,0,35,8,26320,3.0,13,7.0,3,2,2,2,3,3,1.0,3.0,4.0,1,1,1,1,1,1,0,0,0,0,0,0,1,0,0,0,1,0,0,1,0,0,1,0,0,0,0,0,0,0,0,1,0,1,0,0,1
3278,0,24,2,14160,1.0,15,6.0,3,6,1,2,3,4,4.0,3.0,2.0,1,1,1,1,1,0,0,0,0,0,0,0,1,0,0,0,1,0,1,0,0,1,0,0,0,0,0,0,0,0,0,0,1,0,1,0,0
3549,0,35,16,40690,1.0,13,6.0,5,6,0,4,3,3,4.0,3.0,3.0,1,1,1,1,1,1,0,1,0,0,0,0,0,0,0,0,1,0,0,1,0,1,0,0,0,0,0,1,0,0,0,1,1,0,0,0,0
2815,0,42,9,59400,7.0,16,10.0,2,5,0,3,3,2,4.0,4.0,3.0,1,1,1,1,1,2,1,1,0,0,0,0,0,0,0,0,1,0,0,0,0,0,0,0,0,1,1,0,0,0,0,1,0,1,0,0,0
1505,0,38,2,23680,6.0,11,17.0,3,15,4,12,3,4,4.0,3.0,3.0,1,1,1,1,1,1,0,0,0,0,0,0,1,0,0,1,0,0,0,1,0,1,0,0,0,0,1,0,0,0,0,1,0,1,1,0,0
320,0,25,9,23110,1.0,11,5.0,2,5,0,3,3,3,2.0,2.0,4.0,1,1,1,1,1,0,0,0,1,0,0,0,0,0,0,0,1,0,1,0,0,1,0,0,0,0,0,0,0,0,1,0,0,1,1,0,0
1713,0,35,4,57150,6.0,24,10.0,0,8,1,7,4,4,4.0,3.0,3.0,1,1,1,1,1,1,1,0,0,0,0,0,0,0,0,0,1,0,1,0,0,0,0,1,0,0,0,0,0,0,1,0,1,0,0,1,0
964,0,25,6,41030,6.0,15,7.0,2,2,0,2,3,2,4.0,3.0,1.0,1,1,1,1,1,0,1,0,0,0,0,0,0,1,0,0,1,1,0,0,0,0,0,1,0,0,0,0,0,1,0,0,1,0,1,0,0
3102,0,24,4,43350,1.0,15,5.0,5,5,0,3,3,3,3.0,4.0,4.0,1,1,1,1,1,0,1,0,0,0,1,0,0,0,0,0,1,0,0,0,0,0,0,0,1,0,0,0,0,0,1,0,1,0,1,0,0
2012,0,31,22,127420,1.0,11,10.0,4,10,0,2,3,4,1.0,2.0,4.0,1,1,1,1,1,1,0,0,0,0,0,0,0,1,0,0,1,0,0,1,0,0,0,0,0,1,1,0,0,0,1,0,1,0,0,0,0
3379,0,36,10,25170,2.0,18,12.0,3,4,1,3,3,4,4.0,4.0,3.0,1,1,1,1,1,1,0,0,0,0,0,0,0,0,0,0,1,0,1,0,0,0,0,0,0,1,0,1,0,0,1,0,1,0,0,0,0
498,0,44,16,45560,2.0,13,6.0,4,0,0,0,3,2,4.0,3.0,4.0,1,1,1,1,1,2,1,0,0,0,0,0,0,0,1,0,0,0,1,0,0,1,0,0,0,0,0,0,0,0,0,1,1,0,0,0,0
1008,0,39,20,197010,0.0,11,21.0,3,20,9,6,3,3,4.0,3.0,4.0,1,1,1,1,1,1,1,0,0,0,0,0,0,1,0,0,1,0,1,0,0,0,0,1,0,0,1,0,0,0,1,0,0,1,0,0,0
3999,1,41,28,26570,4.0,6,10.0,3,7,1,0,3,3,4.0,3.0,3.0,1,1,1,1,1,2,0,0,0,0,0,0,0,1,0,0,1,0,1,0,0,1,0,0,0,0,1,0,0,0,0,0,1,0,0,0,0
2213,0,39,3,134020,7.0,14,18.0,1,7,1,7,3,3,2.0,3.0,4.0,1,1,1,1,1,1,1,0,0,0,0,0,0,1,0,0,1,0,0,1,0,1,0,0,0,0,0,0,0,0,0,1,1,0,1,0,0
161,0,40,12,25710,7.0,14,22.0,1,20,5,13,3,2,4.0,4.0,4.0,1,1,1,1,1,1,0,0,1,0,0,0,0,0,0,0,1,0,1,0,0,1,0,0,0,0,1,0,0,0,0,1,1,0,0,0,0
2007,0,43,2,24220,1.0,11,14.0,2,14,6,11,3,2,4.0,4.0,3.0,1,1,1,1,1,2,0,0,0,0,0,0,1,0,0,0,1,0,0,1,0,1,0,0,0,0,0,0,0,0,1,0,1,0,1,0,0
23,0,26,7,162910,1.0,22,5.0,3,5,3,3,4,2,3.0,4.0,3.0,1,1,1,1,1,0,0,0,0,1,0,0,0,0,0,1,0,0,1,0,0,1,0,0,0,0,0,0,0,0,1,0,1,0,0,0,0
3775,1,20,2,63970,1.0,15,1.0,3,1,0,0,1,3,4.0,3.0,2.0,1,1,1,1,1,0,0,0,0,0,0,0,1,0,0,0,1,1,0,0,0,1,0,0,0,0,1,0,0,0,0,1,1,0,1,0,0
2515,0,39,1,196650,1.0,22,21.0,6,21,11,10,4,4,3.0,2.0,4.0,1,1,1,1,1,1,1,0,0,0,0,0,0,1,0,0,1,0,0,1,0,1,0,0,0,0,0,0,0,0,1,0,0,1,1,0,0
3286,0,39,2,109760,1.0,11,9.0,3,9,5,8,3,3,3.0,3.0,4.0,1,1,1,1,1,1,0,0,0,0,1,0,0,0,0,0,0,0,1,0,0,1,0,0,0,0,1,0,0,0,1,0,1,0,0,0,0
548,0,51,11,105270,4.0,14,31.0,3,29,11,10,3,3,2.0,2.0,2.0,1,1,1,1,1,3,1,0,0,0,0,1,0,0,0,1,0,0,1,0,0,1,0,0,0,0,1,0,0,0,0,0,1,0,0,0,0
1902,0,47,6,23660,3.0,17,11.0,5,5,1,2,3,4,4.0,4.0,2.0,1,1,1,1,1,2,0,0,0,0,0,0,0,0,1,0,1,0,0,1,0,0,0,1,0,0,1,0,0,0,1,0,1,0,0,0,0
1293,0,33,3,47880,3.0,11,9.0,0,7,0,1,3,3,2.0,3.0,3.0,1,1,1,1,1,1,1,0,0,0,0,0,1,0,0,1,0,1,0,0,0,1,0,0,0,0,0,0,1,0,0,1,0,1,1,0,0
3446,0,39,3,134020,7.0,11,18.0,1,7,1,7,3,4,4.0,2.0,3.0,1,1,1,1,1,1,1,0,0,0,0,0,0,1,0,0,1,0,0,1,0,1,0,0,0,0,0,0,0,0,0,1,1,0,1,0,0
247,0,34,2,49990,3.0,12,10.0,2,5,4,3,3,4,4.0,4.0,2.0,1,1,1,1,1,1,1,0,0,0,0,0,0,0,0,0,1,0,0,0,1,0,0,0,0,1,1,0,0,0,0,1,1,0,0,1,0
1833,0,38,6,76250,1.0,15,4.0,2,4,0,3,3,3,3.0,4.0,3.0,1,1,1,1,1,1,0,0,0,0,0,0,0,0,1,1,0,0,1,0,0,0,0,1,0,0,1,0,0,0,0,0,1,0,0,0,0
4323,1,35,2,23210,9.0,7,15.0,0,13,6,0,2,2,3.0,2.0,1.0,1,1,1,1,1,1,1,0,0,0,0,0,0,0,0,0,1,0,1,0,0,1,0,0,0,0,0,1,0,0,1,0,1,0,1,0,0
538,0,29,2,48050,2.6948303347756775,16,9.0,2,7,1,7,3,2,4.0,3.0,4.0,0,1,1,1,1,0,0,0,0,0,0,0,0,0,0,0,1,0,1,0,0,0,0,0,0,1,1,0,0,0,0,0,1,0,1,0,0
2657,0,27,18,22060,0.0,14,6.0,4,5,0,3,3,4,2.0,2.0,3.0,1,1,1,1,1,0,1,0,0,0,0,0,0,0,1,0,1,0,0,1,0,0,0,1,0,0,0,0,0,0,0,0,0,1,1,0,0
501,0,40,7,45230,5.0,16,5.0,5,0,0,0,3,4,2.0,3.0,3.0,1,1,1,1,1,1,1,0,0,0,1,0,0,0,0,1,0,0,1,0,0,0,0,1,0,0,0,0,0,0,1,0,0,1,1,0,0
3981,1,47,5,27740,4.0,4,8.0,2,5,1,3,3,3,3.0,3.0,3.0,1,1,1,1,1,2,1,0,0,0,0,1,0,0,0,1,0,0,1,0,0,1,0,0,0,0,0,0,0,0,0,1,1,0,1,0,0
1213,0,43,1,29320,5.0,24,22.0,3,17,1,9,4,3,4.0,2.0,2.0,1,1,1,1,1,2,0,0,0,0,1,0,0,0,0,0,1,0,1,0,0,0,1,0,0,0,1,0,0,0,1,0,0,1,0,0,0
3179,0,38,11,41710,0.0,23,10.0,4,9,7,7,4,3,4.0,4.0,3.0,1,1,1,1,1,1,0,0,0,0,0,0,0,1,0,0,1,1,0,0,0,0,1,0,0,0,0,0,0,0,1,0,0,1,0,0,0
974,0,22,10,25340,0.0,11,4.0,1,3,1,2,3,4,4.0,4.0,3.0,1,1,1,1,1,0,1,0,0,0,0,0,0,1,0,0,1,0,0,0,0,0,0,0,0,0,1,0,0,0,0,1,0,0,0,0,0
3571,0,50,2,61420,3.0,12,28.0,3,8,0,7,3,3,2.0,3.0,2.0,1,1,1,1,1,2,1,0,0,0,0,0,1,0,0,1,0,0,0,1,0,0,0,1,0,0,0,0,1,0,1,0,1,0,0,1,0
3832,1,31,2,25720,1.0,9,10.0,3,10,4,7,1,1,1.0,1.0,2.0,1,1,1,1,1,1,1,0,0,0,0,0,0,1,0,1,0,0,1,0,0,0,0,1,0,0,1,0,0,0,0,1,0,1,0,0,1
4352,1,46,5,27430,5.0,17,14.0,1,8,0,7,4,2,2.0,1.0,2.0,1,1,1,1,1,2,0,0,0,0,0,0,0,0,1,0,1,0,0,1,0,0,0,1,0,0,1,0,0,0,1,0,1,0,1,0,0
3787,1,44,22,21190,9.0,8,24.0,3,20,3,6,1,1,1.0,1.0,1.0,1,1,1,1,1,2,0,0,0,0,0,0,0,1,0,0,1,0,0,1,0,1,0,0,0,0,1,0,0,0,1,0,1,0,0,0,0
219,0,25,9,100960,0.0,11,4.0,3,3,1,2,3,4,2.0,2.0,3.0,1,1,1,1,1,0,1,0,0,0,1,0,0,0,0,0,1,0,1,0,0,0,0,1,0,0,1,0,0,0,1,0,1,0,1,0,0
3674,0,35,15,21450,1.0,11,10.0,6,10,0,8,3,3,4.0,3.0,1.0,1,1,1,1,1,1,0,0,0,0,0,0,0,1,0,1,0,0,1,0,0,1,0,0,0,0,0,0,0,0,0,1,1,0,0,0,0
1328,0,50,7,98880,6.0,15,20.0,2,4,1,3,3,3,4.0,3.0,2.0,1,1,1,1,1,2,0,0,1,0,0,0,0,0,0,0,1,0,1,0,0,0,0,1,0,0,0,1,0,0,0,1,1,0,0,0,0
3779,1,52,6,14200,1.0,3,33.0,2,32,6,9,2,2,3.0,3.0,2.0,1,1,1,1,1,3,0,1,0,0,0,0,0,0,0,0,1,0,0,1,0,0,0,1,0,0,0,0,1,0,1,0,1,0,1,0,0
4213,1,24,20,25010,9.0,5,4.0,3,2,2,0,3,2,3.0,2.0,3.0,1,1,1,1,1,0,0,0,0,0,0,0,0,0,0,0,1,1,0,0,0,1,0,0,0,0,0,0,0,0,0,1,1,0,0,0,0
1846,0,27,2,37080,1.0,16,6.0,2,6,4,4,3,3,3.0,4.0,4.0,1,1,1,1,1,0,1,1,0,0,0,0,0,0,0,0,1,0,0,1,0,1,0,0,0,0,0,0,0,0,1,0,1,0,0,1,0
1463,0,27,8,132450,1.0,23,9.0,3,9,0,7,4,4,4.0,4.0,3.0,1,1,1,1,1,0,1,0,0,0,0,0,1,0,0,0,1,0,1,0,0,0,0,1,0,0,0,0,0,1,1,0,1,0,1,0,0
4098,1,30,12,22070,6.0,6,6.0,4,4,1,2,3,2,4.0,2.0,2.0,1,1,1,1,1,0,0,1,0,0,0,0,0,0,0,1,0,0,1,0,0,1,0,0,0,0,0,0,0,0,0,0,1,0,0,0,0
8,0,45,14,79910,0.0,13,21.0,2,20,4,10,3,3,2.0,4.0,4.0,1,1,1,1,1,2,1,0,1,0,0,0,0,0,0,0,1,1,0,0,0,0,0,1,0,0,1,0,0,0,1,0,1,0,0,1,0
3861,1,30,12,22070,6.0,6,6.0,4,4,1,2,3,2,4.0,2.0,3.0,1,1,1,1,1,0,0,1,0,0,0,0,0,0,0,1,0,0,1,0,0,1,0,0,0,0,0,0,0,0,0,0,1,0,0,0,0
2160,0,56,3,198470,4.0,14,6.0,6,0,0,0,3,2,3.0,2.0,3.0,1,1,1,1,1,3,0,0,0,0,0,0,0,1,0,0,1,0,1,0,0,0,0,0,0,1,1,0,0,0,1,0,1,0,0,0,0
4274,1,42,2,22850,0.0,8,22.0,3,21,13,14,2,1,2.0,3.089749430523918,3.0161804922515953,1,1,1,0,0,2,1,0,1,0,0,0,0,0,0,1,0,0,0,1,0,1,0,0,0,0,0,0,0,0,0,1,0,1,0,0,0
2537,0,37,1,133480,7.0,14,8.0,4,6,0,4,3,3,4.0,3.0,4.0,1,1,1,1,1,1,1,0,0,0,0,0,0,0,0,0,1,0,0,1,0,1,0,0,0,0,1,0,0,0,0,0,0,1,0,0,0
3836,1,29,34,44340,2.6948303347756775,16,7.0,1,5,0,0,3,2,4.0,2.0,2.0,0,1,1,1,1,0,0,0,0,0,0,0,1,0,0,1,0,0,1,0,0,0,0,1,0,0,0,0,0,1,0,1,1,0,0,0,1
2136,0,29,4,105020,3.0,12,11.0,4,3,1,2,3,4,4.0,4.0,3.0,1,1,1,1,1,0,0,0,0,0,0,0,0,1,0,0,1,0,0,0,1,1,0,0,0,0,0,0,0,0,0,1,1,0,0,0,0
660,0,49,6,50940,3.0,15,29.0,5,8,0,7,3,4,4.0,3.0,4.0,1,1,1,1,1,2,0,0,0,0,0,0,0,1,0,0,1,0,1,0,0,0,0,0,0,1,1,0,0,0,0,0,1,0,0,0,0
4279,1,41,14,195660,6.0,12,5.0,2,1,0,0,2,3,4.0,3.0,2.0,1,1,1,1,1,2,1,0,0,0,0,0,0,0,1,0,0,0,1,0,0,1,0,0,0,0,1,0,0,0,0,0,1,0,0,0,0
2735,0,54,14,49630,9.0,15,9.0,2,5,1,4,3,4,3.0,1.0,3.0,1,1,1,1,1,3,0,0,1,0,0,0,0,0,0,0,1,0,0,1,0,0,0,1,0,0,1,0,0,0,0,0,1,0,1,0,0
1119,0,51,2,190490,7.0,14,23.0,2,20,15,15,3,2,2.0,4.0,4.0,1,1,1,1,1,3,0,0,0,0,0,0,0,0,1,0,1,1,0,0,0,0,0,0,1,0,1,0,0,0,0,1,1,0,1,0,0
3341,0,38,15,64740,2.0,12,20.0,3,4,0,3,3,4,1.0,4.0,3.0,1,1,1,1,1,1,0,0,0,0,1,0,0,0,0,0,1,0,1,0,0,0,0,1,0,0,1,0,0,0,1,0,1,0,0,1,0
3660,0,30,14,64300,1.0,13,12.0,2,11,5,8,3,3,2.0,4.0,4.0,1,1,1,1,1,0,1,0,0,0,0,0,0,0,0,0,0,0,0,1,0,1,0,0,0,0,1,0,0,0,0,1,1,0,1,0,0
886,0,47,2,31960,4.0,14,7.0,3,2,2,0,3,4,4.0,2.0,3.0,1,1,1,1,1,2,0,0,0,1,0,0,0,0,0,0,1,1,0,0,0,1,0,0,0,0,0,0,0,1,0,1,0,1,1,0,0
452,0,52,1,59740,7.0,18,18.0,6,8,4,0,3,4,4.0,3.0,2.0,1,1,1,1,1,3,1,0,0,0,0,0,0,1,0,0,1,0,1,0,0,1,0,0,0,0,0,0,0,0,0,1,0,1,1,0,0
6,0,31,1,20440,0.0,21,10.0,2,9,7,8,4,4,2.0,3.0,4.0,1,1,1,1,1,1,1,0,1,0,0,0,0,0,0,0,1,0,1,0,0,1,0,0,0,0,0,1,0,0,1,0,1,0,0,0,0
131,0,42,8,28370,2.0,13,19.0,0,5,0,2,3,3,3.0,3.0,3.0,1,1,1,1,1,2,0,0,0,0,0,0,0,0,0,1,0,0,1,0,0,0,1,0,0,0,1,0,0,0,0,0,0,1,1,0,0
92,0,21,1,28630,1.0,14,3.0,2,3,2,2,1,2,4.0,3.0,3.0,1,1,1,1,1,0,0,0,0,1,0,0,0,0,0,0,0,0,0,0,1,1,0,0,0,0,1,0,0,0,0,1,1,0,0,0,0
921,0,33,1,12230,1.0,13,10.0,3,10,0,9,3,4,4.0,2.0,3.0,1,1,1,1,1,1,0,0,0,0,0,0,0,1,0,0,1,0,1,0,0,1,0,0,0,0,0,0,0,1,0,1,0,1,1,0,0
1814,0,40,3,94340,1.0,13,9.0,3,9,8,8,3,3,4.0,4.0,3.0,1,1,1,1,1,1,1,0,0,0,0,0,0,1,0,0,1,0,1,0,0,0,0,1,0,0,1,0,0,0,0,1,0,1,1,0,0
237,0,27,23,43250,1.0,14,9.0,2,9,1,7,3,3,3.0,2.0,3.0,1,1,1,1,1,0,1,0,0,0,1,0,0,0,0,1,0,0,0,0,0,1,0,0,0,0,1,0,0,0,0,0,1,0,0,0,0
1684,0,45,1,125040,1.0,12,15.0,2,15,4,12,3,4,2.0,2.0,3.0,1,1,1,1,1,2,0,1,0,0,0,0,0,0,0,0,0,0,1,0,0,0,0,1,0,0,1,0,0,0,1,0,1,0,1,0,0
2577,0,42,2,110310,3.0,12,8.0,2,5,1,2,3,3,4.0,2.0,1.0,1,1,1,1,1,2,0,0,0,1,0,0,0,0,0,0,1,0,1,0,0,0,0,1,0,0,0,0,1,0,0,0,1,0,1,0,0
3343,0,58,8,29360,2.0,24,23.0,3,2,2,2,3,3,1.0,3.0,4.0,1,1,1,1,1,3,0,0,0,0,0,0,0,0,1,1,0,0,0,1,0,0,0,0,0,1,0,0,0,0,1,0,1,0,1,0,0
4370,1,37,2,56470,6.0,10,7.0,2,0,0,0,2,2,4.0,4.0,3.0,1,1,1,1,1,1,1,0,0,0,0,0,0,1,0,0,1,0,1,0,0,1,0,0,0,0,0,0,0,0,0,1,1,0,0,0,0
898,0,55,2,27810,8.0,13,19.0,2,5,0,4,3,3,1.0,3.0,3.0,1,1,1,1,1,3,0,1,0,0,0,0,0,0,0,0,1,0,1,0,0,1,0,0,0,0,0,0,0,0,1,0,1,0,1,0,0
3045,0,40,1,42860,9.0,15,6.0,6,4,0,0,3,2,4.0,3.0,3.0,1,1,1,1,1,1,1,0,1,0,0,0,0,0,0,0,0,0,0,0,0,1,0,0,0,0,0,0,0,0,0,0,1,0,0,0,0
4061,1,27,2,137700,1.0,11,8.0,3,8,7,7,1,3,1.0,2.0,2.0,1,1,1,1,1,0,0,0,0,0,0,0,1,0,0,0,1,0,0,0,1,1,0,0,0,0,0,0,0,0,0,1,1,0,1,0,0
3390,0,27,2,135770,1.0,12,6.0,2,5,1,2,3,4,2.0,4.0,3.0,1,1,1,1,1,0,1,0,0,0,0,0,0,0,0,0,1,1,0,0,0,0,0,0,0,1,1,0,0,0,1,0,0,1,1,0,0
2582,0,34,22,56770,9.0,20,6.0,3,3,1,2,4,3,4.0,3.0,2.0,1,1,1,1,1,1,1,0,1,0,0,0,0,0,0,0,0,0,1,0,0,0,0,1,0,0,0,0,0,0,1,0,1,0,1,0,0
1844,0,52,2,117130,2.0,14,24.0,2,5,0,2,3,2,2.0,4.0,1.0,1,1,1,1,1,3,1,0,0,0,0,0,0,1,0,1,0,0,0,0,0,1,0,0,0,0,1,0,0,0,1,0,1,0,0,0,0
2867,0,41,2,47410,6.0,16,8.0,3,2,2,1,3,1,4.0,3.0,4.0,1,1,1,1,1,2,1,0,0,0,0,0,1,0,0,0,1,0,1,0,0,1,0,0,0,0,1,0,0,0,0,1,1,0,0,0,0
1250,0,26,1,104470,1.0,18,6.0,3,6,1,4,3,2,2.0,3.0,3.0,1,1,1,1,1,0,1,0,1,0,0,0,0,0,0,1,0,0,0,1,0,0,0,0,1,0,1,0,0,0,0,0,1,0,0,0,0
4364,1,23,2,61790,1.0,4,1.0,3,1,1,0,2,3,3.0,1.0,4.0,1,1,1,1,1,0,0,0,0,0,1,0,0,0,0,1,0,0,0,1,0,1,0,0,0,0,1,0,0,0,1,0,1,0,0,0,0
2179,0,27,2,39040,1.0,15,7.0,2,7,0,7,3,2,3.0,2.0,2.0,1,1,1,1,1,0,0,0,0,1,0,0,0,0,0,0,1,0,1,0,0,1,0,0,0,0,0,0,0,0,0,1,0,1,0,0,0
1298,0,43,6,65000,8.0,23,10.0,3,1,0,0,4,4,4.0,4.0,3.0,1,1,1,1,1,2,0,0,0,1,0,0,0,0,0,0,1,1,0,0,0,1,0,0,0,0,1,0,0,0,1,0,1,0,0,0,0
3566,0,44,18,195860,4.0,22,17.0,3,3,1,2,3,2,2.0,3.0,3.0,1,1,1,1,1,2,0,0,0,0,0,0,1,0,0,0,0,1,0,0,0,0,0,1,0,0,0,0,0,0,1,0,1,0,0,0,0
2355,0,49,2,47240,1.0,11,16.0,3,15,5,11,3,3,2.0,1.0,4.0,1,1,1,1,1,2,0,0,0,0,0,0,0,1,0,0,1,0,1,0,0,1,0,0,0,0,0,0,0,0,1,0,1,0,1,0,0
3707,1,28,11,56730,5.0,9,5.0,4,3,2,2,1,2,4.0,3.0,3.0,1,1,1,1,1,0,1,0,0,0,0,0,0,1,0,0,1,0,0,1,0,0,0,1,0,0,0,0,0,0,1,0,1,0,1,0,0
3733,1,30,11,68250,1.0,6,1.0,2,1,0,0,3,2,1.0,3.0,1.0,1,1,1,1,1,0,1,0,0,0,0,0,0,0,0,1,0,0,1,0,0,0,0,0,1,0,1,0,0,0,1,0,1,0,0,0,0
3322,0,46,7,57310,8.0,12,6.0,2,2,2,2,3,4,2.0,4.0,2.0,1,1,1,1,1,2,1,0,0,0,1,0,0,0,0,0,0,1,0,0,0,1,0,0,0,0,1,0,0,0,0,1,1,0,0,0,0
2645,0,24,18,29350,0.0,14,3.0,5,2,2,1,2,4,1.0,3.0,4.0,1,1,1,1,1,0,0,0,0,0,0,0,0,0,0,1,0,0,1,0,0,1,0,0,0,0,0,0,0,0,1,0,0,1,0,1,0
1353,0,25,6,86330,1.0,19,5.0,2,5,1,3,3,4,4.0,4.0,3.0,1,1,1,1,1,0,1,0,0,0,1,0,0,0,0,0,1,1,0,0,0,0,0,0,0,0,0,0,0,0,0,1,0,0,1,0,0
2288,0,44,1,15630,5.0,12,9.0,3,4,1,3,3,3,2.0,4.0,3.0,1,1,1,1,1,2,0,0,0,0,0,0,1,0,0,0,1,0,0,0,0,0,0,1,0,0,0,1,0,0,0,0,1,0,0,1,0
268,0,34,11,61460,2.0,12,10.0,3,4,1,3,3,3,4.0,3.0,3.0,1,1,1,1,1,1,1,0,0,0,1,0,0,0,0,0,1,0,0,1,0,0,0,0,0,1,1,0,0,0,0,1,1,0,0,0,0
1150,0,22,2,132690,1.0,25,2.0,2,2,2,2,4,3,4.0,4.0,2.0,1,1,1,1,1,0,1,0,1,0,0,0,0,0,0,0,1,0,1,0,0,0,0,1,0,0,0,0,0,0,1,0,1,0,1,0,0
679,0,39,5,51750,4.0,17,9.0,2,2,2,2,3,3,3.0,3.0,3.0,1,1,1,1,1,1,0,0,1,0,0,0,0,0,0,0,1,0,0,0,0,0,0,0,0,1,1,0,0,0,0,1,0,1,1,0,0
2679,0,33,6,90690,3.0,25,15.0,3,13,4,7,4,4,2.0,2.0,4.0,1,1,1,1,1,1,1,0,1,0,0,0,0,0,0,1,0,0,1,0,0,0,0,0,0,1,1,0,0,0,0,0,1,0,1,0,0
1030,0,22,6,108510,1.0,16,1.0,2,1,0,0,3,4,2.0,4.0,3.0,1,1,1,1,1,0,0,0,0,0,0,0,0,1,0,0,0,0,1,0,0,1,0,0,0,0,0,1,0,0,0,0,1,0,1,0,0
822,0,40,5,104820,1.0,11,21.0,6,21,12,8,3,3,3.0,2.0,3.0,1,1,1,1,1,1,1,0,0,0,1,0,0,0,0,0,1,0,1,0,0,1,0,0,0,0,0,1,0,0,0,1,0,1,1,0,0
4142,1,41,24,102090,1.0,3,23.0,2,22,15,8,1,2,4.0,3.089749430523918,3.0161804922515953,1,1,1,0,0,2,1,0,0,0,0,0,0,1,0,0,1,0,0,1,0,0,1,0,0,0,1,0,0,0,1,0,0,1,1,0,0
864,0,41,1,25150,0.0,18,23.0,2,22,13,5,3,3,3.0,4.0,3.0,1,1,1,1,1,2,1,0,1,0,0,0,0,0,0,0,1,0,0,0,0,0,0,0,0,1,0,1,0,0,0,0,1,0,0,0,0
2505,0,39,4,21050,0.0,20,19.0,3,18,3,7,4,3,2.0,4.0,4.0,1,1,1,1,1,1,0,1,0,0,0,0,0,0,0,0,1,0,0,1,0,0,1,0,0,0,1,0,0,0,0,0,0,1,0,0,0
3573,0,22,2,193310,1.0,17,1.0,2,0,0,0,3,3,1.0,4.0,3.0,1,1,1,1,1,0,1,0,0,0,0,0,0,0,1,0,1,0,0,0,0,1,0,0,0,0,0,0,0,0,0,1,1,0,1,0,0
4085,1,18,4,24790,2.6948303347756775,9,0.0,2,0,0,0,3,1,1.0,3.0,1.0,0,1,1,1,1,0,1,0,0,0,0,1,0,0,0,1,0,0,0,0,1,0,0,1,0,0,0,0,0,0,0,1,1,0,1,0,0
3781,1,36,8,56600,7.0,3,9.0,3,1,0,0,3,4,1.0,2.0,1.0,1,1,1,1,1,1,0,0,0,0,0,0,1,0,0,0,1,1,0,0,0,1,0,0,0,0,0,0,0,0,0,0,1,0,0,0,0
2436,0,38,1,64720,0.0,12,17.0,4,16,5,13,3,4,4.0,4.0,3.0,1,1,1,1,1,1,1,0,1,0,0,0,0,0,0,0,1,1,0,0,0,0,0,1,0,0,0,0,1,0,0,0,1,0,0,0,0
4394,1,32,2,41480,7.0,13,10.0,0,5,0,4,1,1,3.0,1.0,3.0,1,1,1,1,1,1,0,0,0,0,0,1,0,0,0,0,1,0,0,1,0,1,0,0,0,0,1,0,0,0,0,1,1,0,0,0,0
2659,0,20,14,22930,1.0,13,1.0,3,1,0,0,2,3,4.0,4.0,3.0,1,1,1,1,1,0,0,0,0,0,0,0,0,0,1,0,1,0,0,1,0,0,0,1,0,0,0,0,0,0,0,1,1,0,0,1,0
2292,0,35,12,65490,1.0,20,9.0,3,9,1,8,4,3,4.0,2.0,3.0,1,1,1,1,1,1,1,0,0,0,1,0,0,0,0,1,0,0,1,0,0,0,0,1,0,0,0,1,0,0,1,0,1,0,0,0,0
2322,0,51,23,24510,3.0,17,10.0,2,4,0,3,3,1,2.0,1.0,4.0,1,1,1,1,1,3,0,0,0,0,1,0,0,0,0,0,1,0,0,1,0,1,0,0,0,0,0,0,0,1,1,0,1,0,0,0,0
775,0,38,15,24510,7.0,12,19.0,3,13,2,9,3,3,4.0,2.0,3.0,1,1,1,1,1,1,1,0,0,0,0,0,1,0,0,1,0,1,0,0,0,1,0,0,0,0,1,0,0,0,1,0,1,0,1,0,0
1857,0,55,6,50930,2.0,16,31.0,3,7,0,0,3,4,2.0,3.0,4.0,1,1,1,1,1,3,0,0,0,0,0,0,1,0,0,0,1,0,1,0,0,1,0,0,0,0,0,1,0,0,0,0,1,0,1,0,0
1308,0,35,13,25440,0.0,13,17.0,3,16,0,13,3,4,1.0,4.0,3.0,1,1,1,1,1,1,1,0,0,1,0,0,0,0,0,0,1,1,0,0,0,0,0,0,0,1,0,1,0,0,0,1,0,1,1,0,0
2458,0,45,17,22890,4.0,13,9.0,3,3,0,2,3,3,3.0,4.0,2.0,1,1,1,1,1,2,1,0,0,0,0,0,1,0,0,1,0,0,0,0,0,0,1,0,0,0,0,1,0,0,1,0,0,1,0,0,0
3167,0,48,10,55620,8.0,13,18.0,2,8,7,7,3,4,1.0,3.0,3.0,1,1,1,1,1,2,1,0,1,0,0,0,0,0,0,0,1,0,0,1,0,0,0,1,0,0,0,0,0,0,0,0,1,0,1,0,0
152,0,31,6,53430,1.0,14,13.0,3,13,0,8,1,3,4.0,4.0,4.0,1,1,1,1,1,1,1,0,0,0,0,1,0,0,0,0,1,0,1,0,0,1,0,0,0,0,1,0,0,0,0,0,1,0,1,0,0
3429,0,30,16,46610,1.0,15,12.0,3,12,1,7,3,4,2.0,4.0,2.0,1,1,1,1,1,0,1,0,0,0,0,0,1,0,0,0,1,0,0,1,0,1,0,0,0,0,1,0,0,0,1,0,0,0,0,0,0
1860,0,31,1,168560,3.0,12,9.0,3,3,1,0,3,1,4.0,4.0,3.0,1,1,1,1,1,1,1,0,1,0,0,0,0,0,0,0,1,0,1,0,0,0,0,1,0,0,0,0,0,0,0,1,1,0,1,0,0
2122,0,29,13,22100,8.0,11,11.0,4,7,1,6,3,4,4.0,3.0,3.0,1,1,1,1,1,0,0,0,0,0,1,0,0,0,0,0,1,0,1,0,0,0,0,1,0,0,0,0,0,0,0,0,1,0,1,0,0
2324,0,40,5,60770,1.0,16,22.0,2,22,11,11,3,3,4.0,2.0,4.0,1,1,1,1,1,1,1,0,0,0,0,0,0,0,0,1,0,0,1,0,0,0,0,1,0,0,0,0,0,0,1,0,1,0,0,1,0
279,0,24,1,81890,1.0,14,1.0,3,1,0,0,3,2,4.0,2.0,4.0,1,1,1,1,1,0,0,0,0,0,1,0,0,0,0,0,0,0,0,0,1,0,1,0,0,0,0,0,0,0,0,0,0,1,1,0,0
3281,0,30,7,87220,1.0,17,10.0,3,10,0,8,3,4,4.0,3.0,4.0,1,1,1,1,1,0,1,0,1,0,0,0,0,0,0,0,1,0,0,1,0,0,1,0,0,0,0,0,0,0,1,0,0,1,1,0,0
1573,0,29,4,66730,6.0,12,8.0,2,4,0,3,3,4,4.0,3.0,2.0,1,1,1,1,1,0,0,0,0,0,0,0,0,0,0,0,1,0,0,1,0,1,0,0,0,0,0,0,1,0,0,0,1,0,1,0,0
1672,0,40,1,48690,4.0,12,14.0,2,11,11,1,3,2,2.0,3.0,3.0,1,1,1,1,1,1,1,0,0,0,0,0,0,1,0,0,1,0,0,1,0,0,1,0,0,0,0,0,0,0,1,0,0,1,0,0,0
2755,0,32,2,171810,1.0,14,14.0,2,14,6,8,3,2,3.0,3.0,3.0,1,1,1,1,1,1,1,0,0,0,1,0,0,0,0,0,1,0,0,0,0,0,0,1,0,0,1,0,0,0,1,0,1,0,0,0,0
3974,1,20,1,61620,1.0,4,1.0,2,1,1,1,1,2,3.0,3.0,3.0,1,1,1,1,1,0,1,0,0,0,0,0,0,0,1,0,1,0,1,0,0,1,0,0,0,0,0,0,0,1,0,1,1,0,0,0,1
3889,1,53,22,34230,6.0,7,15.0,4,2,2,2,2,2,1.0,4.0,4.0,1,1,1,1,1,3,1,0,0,0,0,0,1,0,0,0,1,0,1,0,0,0,0,1,0,0,0,0,0,0,0,1,1,0,1,0,0
4176,1,44,1,103330,3.0,10,19.0,2,1,0,0,1,1,2.0,1.0,1.0,1,1,1,1,1,2,1,0,0,0,0,0,1,0,0,1,0,1,0,0,0,0,0,1,0,0,1,0,0,0,0,0,1,0,1,0,0
4316,1,31,35,25150,1.0,13,7.0,3,7,7,7,3,2,2.0,4.0,3.0,1,1,1,1,1,1,0,0,0,0,0,0,0,0,0,1,0,0,1,0,0,1,0,0,0,0,1,0,0,0,0,1,1,0,0,0,0
2855,0,38,10,32100,0.0,17,3.0,5,2,0,2,3,4,3.0,2.0,1.0,1,1,1,1,1,1,1,0,0,0,1,0,0,0,0,1,0,0,1,0,0,0,0,0,0,1,0,0,0,0,1,0,1,0,0,1,0
378,0,36,22,48980,4.0,13,12.0,3,7,0,7,3,4,4.0,3.0,4.0,1,1,1,1,1,1,1,0,0,0,0,0,1,0,0,0,0,0,0,0,0,1,0,0,0,0,1,0,0,0,0,0,0,1,1,0,0
1595,0,41,1,195170,2.0,13,20.0,5,18,2,17,3,3,2.0,3.0,4.0,1,1,1,1,1,2,1,0,0,0,0,0,1,0,0,0,1,0,0,1,0,0,0,1,0,0,0,0,0,0,0,1,1,0,0,0,0
1073,0,29,22,48410,0.0,11,6.0,3,5,0,4,3,3,4.0,2.0,4.0,1,1,1,1,1,0,0,0,0,0,0,0,0,0,1,0,1,0,0,1,0,1,0,0,0,0,0,0,0,0,1,0,1,0,0,0,0
99,0,27,2,23670,2.6948303347756775,12,5.0,2,5,0,4,3,2,2.0,3.0,3.0,0,1,1,1,1,0,1,0,0,0,0,0,0,1,0,0,1,0,1,0,0,1,0,0,0,0,0,0,0,0,0,0,0,1,1,0,0
829,0,30,6,23130,2.0,11,12.0,5,7,1,7,3,3,3.0,4.0,4.0,1,1,1,1,1,0,1,0,0,0,0,0,0,1,0,0,1,0,1,0,0,1,0,0,0,0,0,1,0,0,0,0,0,1,0,0,0
3990,1,55,19,43190,4.0,6,12.0,3,9,7,3,1,1,1.0,4.0,2.0,1,1,1,1,1,3,1,0,0,0,1,0,0,0,0,0,1,0,1,0,0,0,0,0,0,1,0,0,1,0,0,1,0,0,0,0,0
4009,1,29,4,27230,6.0,9,3.0,2,0,0,0,1,3,1.0,3.0,1.0,1,1,1,1,1,0,1,0,0,0,0,0,0,1,0,0,1,0,0,0,1,1,0,0,0,0,0,0,0,0,0,1,0,0,1,0,0
3544,0,35,2,101240,0.0,17,16.0,2,15,2,8,3,3,4.0,3.0,3.0,1,1,1,1,1,1,1,0,0,0,0,0,0,0,0,0,1,0,0,1,0,0,0,1,0,0,1,0,0,0,0,1,1,0,1,0,0
309,0,30,3,30580,9.0,14,10.0,2,5,0,3,3,4,4.0,4.0,3.0,1,1,1,1,1,0,1,0,0,0,0,0,0,0,1,1,0,0,0,0,1,0,0,1,0,0,0,0,0,1,0,0,1,0,1,0,0
4127,1,23,2,61790,1.0,3,1.0,3,1,1,0,2,3,1.0,4.0,1.0,1,1,1,1,1,0,0,0,0,0,1,0,0,0,0,1,0,0,0,1,0,1,0,0,0,0,1,0,0,0,1,0,1,0,0,0,0
4104,1,22,1,49680,1.0,8,1.0,3,1,0,0,3,1,4.0,2.0,1.0,1,1,1,1,1,0,1,0,0,0,0,0,1,0,0,0,1,0,1,0,0,0,0,0,1,0,0,0,1,0,1,0,1,0,0,0,0
1452,0,25,9,100960,0.0,11,4.0,3,3,1,2,3,4,3.0,4.0,3.0,1,1,1,1,1,0,1,0,0,0,1,0,0,0,0,0,1,0,1,0,0,0,0,1,0,0,1,0,0,0,1,0,1,0,1,0,0
685,0,34,20,41940,0.0,17,12.0,3,11,5,7,3,3,4.0,3.0,4.0,1,1,1,1,1,1,0,0,0,0,0,0,1,0,0,0,1,0,0,0,1,0,1,0,0,0,0,0,0,0,1,0,0,1,0,1,0
4145,1,36,8,144110,0.0,13,2.0,2,1,0,0,3,2,1.0,3.0,4.0,1,1,1,1,1,1,1,0,1,0,0,0,0,0,0,0,1,1,0,0,0,1,0,0,0,0,0,0,1,0,1,0,0,1,0,0,1
3159,0,33,7,28990,1.0,17,15.0,3,15,5,7,3,4,2.0,3.0,3.0,1,1,1,1,1,1,0,0,0,0,1,0,0,0,0,0,1,0,1,0,0,0,0,1,0,0,1,0,0,0,1,0,1,0,0,0,0
3120,0,34,8,192460,3.0,15,15.0,5,13,3,12,3,2,4.0,4.0,3.0,1,1,1,1,1,1,0,0,0,0,0,0,0,0,1,0,1,0,0,1,0,1,0,0,0,0,0,0,0,0,0,1,1,0,1,0,0
1948,0,36,1,23770,6.0,13,15.0,3,1,0,0,3,4,3.0,4.0,3.0,1,1,1,1,1,1,1,0,0,0,0,0,1,0,0,0,1,0,1,0,0,0,0,0,0,0,0,0,0,0,0,1,0,0,0,1,0
2343,0,24,2,34070,0.0,13,6.0,4,5,1,2,3,3,4.0,4.0,2.0,1,1,1,1,1,0,1,0,1,0,0,0,0,0,0,0,1,0,0,0,0,1,0,0,0,0,1,0,0,0,1,0,1,0,1,0,0
4118,1,34,32,36920,1.0,6,5.0,5,5,3,0,3,2,2.0,1.0,1.0,1,1,1,1,1,1,0,0,0,0,0,0,0,0,1,0,0,1,0,0,0,1,0,0,0,0,0,0,0,0,1,0,1,0,1,0,0
821,0,32,5,36600,3.0,11,10.0,0,4,0,2,3,4,3.0,2.0,4.0,1,1,1,1,1,1,1,0,0,0,0,0,1,0,0,0,1,0,1,0,0,0,0,0,0,1,0,0,0,0,1,0,1,0,0,1,0
1739,0,33,7,20970,1.0,14,10.0,5,10,0,1,3,1,4.0,4.0,3.0,1,1,1,1,1,1,0,0,0,0,0,0,0,1,0,1,0,1,0,0,0,0,0,1,0,0,0,0,0,0,1,0,1,0,0,1,0
2853,0,47,14,55820,1.0,16,9.0,3,9,0,7,3,4,3.0,1.0,4.0,1,1,1,1,1,2,0,0,0,0,0,0,1,0,0,0,1,0,0,1,0,0,0,1,0,0,1,0,0,0,0,1,0,1,0,0,0
1725,0,45,18,132120,4.0,13,7.0,4,3,0,2,3,2,4.0,4.0,4.0,1,1,1,1,1,2,0,0,0,0,0,0,0,0,1,0,1,0,1,0,0,1,0,0,0,0,1,0,0,0,1,0,1,0,0,0,0
1183,0,42,1,78790,2.0,11,11.0,2,5,0,2,3,2,4.0,4.0,3.0,1,1,1,1,1,2,1,0,0,0,0,0,0,1,0,0,0,0,0,0,0,0,0,0,0,1,1,0,0,0,0,0,1,0,1,0,0
709,0,34,2,20440,1.0,11,1.0,2,1,0,0,3,2,2.0,3.0,3.0,1,1,1,1,1,1,1,0,0,0,0,0,0,1,0,0,1,0,1,0,0,1,0,0,0,0,1,0,0,0,0,1,1,0,0,0,0
3905,1,41,24,102090,1.0,9,23.0,2,22,15,8,1,2,2.0,3.0,2.0,1,1,1,1,1,2,1,0,0,0,0,0,0,1,0,0,1,0,0,1,0,0,1,0,0,0,1,0,0,0,1,0,0,1,1,0,0
1978,0,21,2,170990,1.0,14,3.0,2,2,2,2,3,3,2.0,4.0,3.0,1,1,1,1,1,0,0,0,1,0,0,0,0,0,0,0,1,0,0,0,0,1,0,0,0,0,0,0,0,0,0,1,1,0,1,0,0
3437,0,41,2,23870,3.0,11,12.0,1,5,1,0,3,2,4.0,4.0,4.0,1,1,1,1,1,2,1,0,0,0,0,0,0,0,0,0,1,1,0,0,0,0,0,1,0,0,0,0,0,0,1,0,0,1,1,0,0
1631,0,22,6,49070,1.0,21,4.0,2,4,1,1,4,3,3.0,4.0,3.0,1,1,1,1,1,0,1,0,0,0,0,0,0,0,1,0,1,0,1,0,0,0,0,0,1,0,1,0,0,0,1,0,1,0,1,0,0
3643,0,52,2,35370,0.0,20,34.0,3,33,11,9,3,2,4.0,3.0,4.0,1,1,1,1,1,3,0,0,0,0,0,0,0,0,1,0,1,0,0,1,0,0,0,1,0,0,1,0,0,0,1,0,1,0,1,0,0
624,0,55,6,50930,2.0,16,31.0,3,7,0,0,3,3,4.0,2.0,4.0,1,1,1,1,1,3,0,0,0,0,0,0,1,0,0,0,1,0,1,0,0,1,0,0,0,0,0,1,0,0,0,0,1,0,1,0,0
2340,0,22,2,193310,1.0,12,1.0,2,0,0,0,3,3,1.0,3.0,4.0,1,1,1,1,1,0,1,0,0,0,0,0,0,0,1,0,1,0,0,0,0,1,0,0,0,0,0,0,0,0,0,1,1,0,1,0,0
2030,0,34,6,21770,1.0,13,10.0,5,10,8,7,3,3,3.0,4.0,2.0,1,1,1,1,1,1,1,0,0,0,0,0,0,0,0,0,1,1,0,0,0,1,0,0,0,0,0,0,0,0,1,0,1,0,0,0,0
2465,0,40,22,54680,0.0,12,22.0,6,21,3,9,3,4,4.0,2.0,3.0,1,1,1,1,1,1,1,0,1,0,0,0,0,0,0,0,1,0,1,0,0,0,0,1,0,0,1,0,0,0,0,0,1,0,0,0,0
3899,1,34,18,84630,2.0,4,8.0,2,4,1,3,1,2,2.0,3.0,2.0,1,1,1,1,1,1,0,0,0,0,0,0,1,0,0,0,1,1,0,0,0,0,1,0,0,0,1,0,0,0,0,1,0,1,0,0,0
1144,0,32,2,21660,1.0,19,9.0,4,9,3,7,3,4,4.0,4.0,2.0,1,1,1,1,1,1,0,0,0,0,1,0,0,0,0,1,0,1,0,0,0,1,0,0,0,0,0,0,0,0,0,1,0,1,1,0,0
3513,0,35,8,57650,1.0,15,1.0,2,1,0,0,3,4,4.0,4.0,4.0,1,1,1,1,1,1,1,0,0,0,0,0,1,0,0,0,1,0,0,0,0,0,0,1,0,0,0,0,0,0,0,0,1,0,1,0,0
2452,0,40,2,27180,1.0,14,9.0,4,9,4,7,3,3,4.0,4.0,4.0,1,1,1,1,1,1,1,0,0,0,1,0,0,0,0,0,1,0,1,0,0,1,0,0,0,0,0,0,0,0,0,0,1,0,1,0,0
2845,0,33,12,194360,1.0,19,10.0,4,10,6,0,3,3,3.0,4.0,3.0,1,1,1,1,1,1,1,0,0,0,0,1,0,0,0,0,0,0,1,0,0,0,0,0,1,0,0,0,1,0,0,1,0,1,0,1,0
4189,1,34,8,56170,8.0,22,9.0,3,5,0,4,3,2,4.0,1.0,1.0,1,1,1,1,1,1,1,0,0,0,0,0,0,0,1,0,0,0,1,0,0,1,0,0,0,0,0,0,0,0,0,1,1,0,1,0,0
1992,0,27,8,194190,7.0,14,5.0,2,3,0,2,3,3,3.0,1.0,4.0,1,1,1,1,1,0,1,0,0,0,0,0,0,1,0,0,1,0,0,1,0,1,0,0,0,0,0,1,0,0,1,0,0,1,1,0,0
2943,0,35,5,31020,1.0,13,6.0,3,5,1,4,3,2,4.0,4.0,3.0,1,1,1,1,1,1,0,0,1,0,0,0,0,0,0,0,1,0,1,0,0,1,0,0,0,0,0,1,0,0,0,1,1,0,1,0,0
64,0,54,1,29330,3.0,12,20.0,2,4,0,3,3,4,1.0,4.0,3.0,1,1,1,1,1,3,1,0,0,0,0,0,1,0,0,1,0,0,0,1,0,1,0,0,0,0,1,0,0,0,0,1,1,0,0,1,0
3233,0,20,14,37430,1.0,13,2.0,2,2,2,2,3,2,3.0,3.0,4.0,1,1,1,1,1,0,0,0,0,0,0,0,0,1,0,0,1,0,0,1,0,0,0,1,0,0,1,0,0,0,0,1,1,0,1,0,0
1288,0,31,19,10810,4.0,11,13.0,4,7,1,7,3,4,3.0,2.0,3.0,1,1,1,1,1,1,1,0,0,0,0,0,0,0,0,0,1,0,1,0,0,1,0,0,0,0,1,0,0,0,0,0,0,1,0,0,1
3847,1,28,1,24130,1.0,9,1.0,2,1,0,0,3,2,1.0,3.0,3.0,1,1,1,1,1,0,0,0,1,0,0,0,0,0,0,0,1,0,1,0,0,0,0,1,0,0,1,0,0,0,1,0,0,0,1,0,0
3747,1,23,2,45590,1.0,11,1.0,2,0,0,0,1,2,4.0,3.0,2.0,1,1,1,1,1,0,0,0,0,0,1,0,0,0,0,0,1,0,1,0,0,0,0,1,0,0,0,0,1,0,1,0,0,1,1,0,0
3603,0,41,8,79450,4.0,18,21.0,6,7,7,7,3,4,4.0,4.0,2.0,1,1,1,1,1,2,0,0,0,0,1,0,0,0,0,1,0,1,0,0,0,0,0,1,0,0,0,1,0,0,0,0,0,1,1,0,0
1054,0,35,6,38380,1.0,16,1.0,2,1,0,1,3,3,4.0,2.0,3.0,1,1,1,1,1,1,0,0,0,0,0,0,1,0,0,0,1,0,0,1,0,0,0,1,0,0,0,1,0,0,1,0,1,0,1,0,0
1659,0,40,2,24550,1.0,15,8.0,2,7,7,5,3,3,2.0,3.0,3.0,1,1,1,1,1,1,1,0,0,0,0,0,0,1,0,0,1,0,1,0,0,0,0,1,0,0,0,0,0,1,1,0,0,0,1,0,0
3066,0,38,6,76250,1.0,15,4.0,2,4,0,3,3,3,3.0,3.0,2.0,1,1,1,1,1,1,0,0,0,0,0,0,0,0,1,1,0,0,1,0,0,0,0,1,0,0,1,0,0,0,0,0,1,0,0,0,0
489,0,56,2,44490,4.0,15,28.0,3,5,4,2,3,4,2.94709236031927,4.0,3.0,1,1,0,1,1,3,1,0,0,0,0,0,0,0,0,0,1,1,0,0,0,0,0,0,1,0,1,0,0,0,0,0,1,0,0,0,0
876,0,26,6,30330,1.0,12,5.0,2,5,1,2,3,2,4.0,4.0,4.0,1,1,1,1,1,0,0,0,0,0,0,0,0,0,0,0,1,0,1,0,0,0,1,0,0,0,0,0,0,0,0,1,0,1,0,0,0
1807,0,31,1,195130,1.0,12,10.0,1,10,9,6,3,3,4.0,3.0,4.0,1,1,1,1,1,1,1,0,0,0,0,0,0,1,0,0,0,1,0,0,0,0,0,1,0,0,0,0,0,0,0,0,1,0,1,0,0
375,0,35,1,109380,6.0,14,12.0,2,10,0,8,3,2,2.0,2.0,4.0,1,1,1,1,1,1,0,0,0,0,0,0,0,0,0,0,1,1,0,0,0,1,0,0,0,0,1,0,0,0,0,0,0,1,0,1,0
3521,0,44,1,15630,5.0,15,9.0,3,4,1,3,3,3,2.0,3.0,3.0,1,1,1,1,1,2,0,0,0,0,0,0,1,0,0,0,1,0,0,0,0,0,0,1,0,0,0,1,0,0,0,0,1,0,0,1,0
2846,0,33,2,34790,3.0,12,5.0,3,3,0,2,3,3,4.0,3.0,3.0,1,1,1,1,1,1,1,0,1,0,0,0,0,0,0,0,1,1,0,0,0,0,0,0,0,1,1,0,0,0,0,1,1,0,0,0,0
3915,1,31,2,21410,4.0,13,12.0,2,7,7,7,2,2,2.0,1.0,1.0,1,1,1,1,1,1,0,0,0,0,0,0,0,1,0,0,1,0,0,1,0,0,0,0,0,1,0,1,0,0,1,0,1,0,0,0,0
557,0,36,2,27250,9.0,21,18.0,4,16,5,12,4,3,4.0,2.0,3.0,1,1,1,1,1,1,1,0,0,0,0,0,0,0,0,0,1,0,0,1,0,0,0,1,0,0,0,0,0,0,0,1,1,0,1,0,0
3694,0,42,4,60290,3.0,20,10.0,5,3,0,2,3,3,3.0,3.0,2.0,1,1,1,1,1,2,0,0,0,0,0,0,1,0,0,0,1,0,0,1,0,0,0,1,0,0,0,0,0,0,0,1,1,0,1,0,0
4333,1,36,1,33760,5.0,18,16.0,3,2,2,2,3,3,3.0,1.0,1.0,1,1,1,1,1,1,1,0,0,0,1,0,0,0,0,0,1,0,1,0,0,0,0,1,0,0,1,0,0,0,0,0,1,0,0,0,0
4089,1,35,20,54720,3.0,7,13.0,3,11,6,7,3,1,1.0,3.0,2.0,1,1,1,1,1,1,1,0,0,0,0,1,0,0,0,1,0,0,0,1,0,0,0,1,0,0,0,0,0,0,0,1,1,0,1,0,0
3696,0,25,20,37020,0.0,12,5.0,4,4,1,2,4,3,1.0,4.0,3.0,1,1,1,1,1,0,1,0,0,0,0,0,0,1,0,0,1,1,0,0,0,1,0,0,0,0,1,0,0,0,1,0,1,0,0,0,0
1705,0,28,5,52530,1.0,15,3.0,2,3,0,2,3,4,1.0,3.0,4.0,1,1,1,1,1,0,1,0,0,1,0,0,0,0,0,1,0,0,0,1,0,1,0,0,0,0,0,0,0,0,0,0,0,1,0,0,0
3034,0,36,1,166270,3.0,12,10.0,5,7,1,7,3,2,1.0,4.0,3.0,1,1,1,1,1,1,1,0,0,0,0,0,0,1,0,0,1,0,1,0,0,0,1,0,0,0,1,0,0,0,1,0,0,1,0,0,0
1268,0,41,23,23790,1.0,12,22.0,6,22,0,4,3,3,3.0,1.0,2.0,1,1,1,1,1,2,1,0,1,0,0,0,0,0,0,0,1,0,0,0,0,1,0,0,0,0,0,0,0,0,0,1,1,0,0,0,0
3204,0,36,14,67250,9.0,17,7.0,3,3,1,1,3,4,4.0,4.0,4.0,1,1,1,1,1,1,1,0,0,0,1,0,0,0,0,0,1,0,0,0,0,0,0,1,0,0,1,0,0,0,1,0,1,0,1,0,0
3140,0,28,4,25590,1.0,11,8.0,3,8,1,7,3,3,3.0,2.0,4.0,1,1,1,1,1,0,1,0,1,0,0,0,0,0,0,0,1,0,0,0,0,0,0,0,0,1,1,0,0,0,1,0,1,0,0,0,0
4006,1,58,11,59570,4.0,5,7.0,2,1,0,0,1,2,3.0,3.0,1.0,1,1,1,1,1,3,0,0,0,0,0,0,0,1,0,0,1,1,0,0,0,0,0,1,0,0,0,0,1,0,0,1,0,1,1,0,0
1669,0,30,6,183000,0.0,14,7.0,6,6,0,2,3,4,2.0,3.0,3.0,1,1,1,1,1,0,0,0,0,0,0,0,0,1,0,0,1,0,1,0,0,0,0,1,0,0,0,0,0,0,1,0,1,0,0,0,0
4378,1,26,5,24040,1.0,7,1.0,6,1,0,1,2,3,1.0,2.0,3.0,1,1,1,1,1,0,1,0,0,1,0,0,0,0,0,0,1,0,1,0,0,0,1,0,0,0,1,0,0,0,0,1,0,1,0,0,0
1067,0,36,1,86060,1.0,14,17.0,3,17,12,8,3,3,4.0,3.0,4.0,1,1,1,1,1,1,0,0,0,0,0,0,0,1,0,0,1,1,0,0,0,0,1,0,0,0,1,0,0,0,0,0,0,1,0,1,0
3344,0,18,2,186060,1.0,15,0.0,4,0,0,0,4,1,4.0,4.0,3.0,1,1,1,1,1,0,1,0,0,0,0,0,0,0,1,0,0,0,1,0,0,1,0,0,0,0,0,1,0,0,0,1,1,0,0,1,0
3200,0,30,3,21210,1.0,13,6.0,2,6,1,1,3,3,4.0,4.0,3.0,1,1,1,1,1,0,0,0,0,0,0,1,0,0,0,0,1,0,1,0,0,0,0,1,0,0,0,0,0,0,1,0,1,0,1,0,0
2858,0,31,4,65020,1.0,12,4.0,3,4,0,3,3,4,4.0,4.0,3.0,1,1,1,1,1,1,1,0,0,0,0,0,0,1,0,1,0,1,0,0,0,0,0,0,0,1,1,0,0,0,1,0,1,0,0,0,0
988,0,39,2,47240,2.0,12,21.0,4,6,1,3,3,4,3.0,3.0,3.0,1,1,1,1,1,1,0,0,0,0,0,1,0,0,0,0,0,0,0,1,0,1,0,0,0,0,1,0,0,0,0,1,1,0,1,0,0
2831,0,40,1,39310,8.0,19,3.0,2,1,0,0,3,2,2.0,3.0,4.0,1,1,1,1,1,1,1,0,0,0,0,0,1,0,0,1,0,0,1,0,0,0,1,0,0,0,0,0,0,0,0,0,0,1,0,0,0
4295,1,31,2,53960,7.0,14,3.0,2,1,0,0,3,4,1.0,4.0,1.0,1,1,1,1,1,1,0,0,0,0,1,0,0,0,0,1,0,1,0,0,0,0,0,1,0,0,1,0,0,0,0,1,1,0,1,0,0
616,0,52,4,27590,9.0,18,12.0,6,5,0,4,3,4,4.0,3.0,2.0,1,1,1,1,1,3,0,0,0,0,0,0,0,0,0,0,1,1,0,0,0,1,0,0,0,0,0,0,0,0,1,0,1,0,1,0,0
799,0,35,10,20420,0.0,16,6.0,2,5,1,4,3,3,2.0,2.0,3.0,1,1,1,1,1,1,1,0,0,0,0,0,0,1,0,1,0,0,1,0,0,1,0,0,0,0,0,1,0,0,0,1,1,0,0,0,0
1805,0,30,5,30410,1.0,11,9.0,2,9,0,8,3,4,4.0,2.0,4.0,1,1,1,1,1,0,0,0,0,0,0,0,0,1,0,0,1,0,0,1,0,0,0,1,0,0,0,0,0,0,1,0,1,0,1,0,0
750,0,37,23,78800,3.0,12,9.0,2,4,0,2,3,2,4.0,4.0,4.0,1,1,1,1,1,1,1,0,1,0,0,0,0,0,0,0,1,0,0,1,0,0,0,0,0,1,0,0,0,0,1,0,1,0,1,0,0
492,0,45,18,132120,4.0,13,7.0,4,3,0,2,3,3,4.0,4.0,3.0,1,1,1,1,1,2,0,0,0,0,0,0,0,0,1,0,1,0,1,0,0,1,0,0,0,0,1,0,0,0,1,0,1,0,0,0,0
803,0,29,2,192370,9.0,11,9.0,2,5,1,2,3,2,4.0,3.0,4.0,1,1,1,1,1,0,1,0,0,0,0,0,1,0,0,0,1,1,0,0,0,1,0,0,0,0,1,0,0,0,1,0,1,0,1,0,0
2303,0,45,1,70830,2.0,12,25.0,5,1,0,0,3,3,4.0,3.0,2.0,1,1,1,1,1,2,0,0,0,0,0,0,0,1,0,0,1,1,0,0,0,0,0,1,0,0,0,0,0,0,0,0,1,0,1,0,0
3212,0,47,20,148520,3.0,19,27.0,3,5,1,0,3,2,3.0,2.0,3.0,1,1,1,1,1,2,1,0,0,0,0,0,1,0,0,0,1,0,0,1,0,0,0,1,0,0,1,0,0,0,1,0,1,0,0,0,1
3370,0,37,6,20110,5.0,25,16.0,4,5,0,4,3,3,4.0,4.0,2.0,1,1,1,1,1,1,1,0,0,0,1,0,0,0,0,0,1,1,0,0,0,0,0,1,0,0,0,0,0,0,1,0,1,0,0,0,0
293,0,42,16,72950,1.0,15,10.0,3,9,7,8,3,2,3.0,3.0,3.0,1,1,1,1,1,2,1,0,0,0,0,0,0,0,1,0,1,1,0,0,0,0,0,1,0,0,1,0,0,0,1,0,1,0,0,0,0
2720,0,53,7,48090,2.0,18,19.0,2,2,2,2,3,2,2.0,4.0,4.0,1,1,1,1,1,3,0,0,1,0,0,0,0,0,0,0,1,0,1,0,0,1,0,0,0,0,0,1,0,0,0,1,1,0,0,0,0
846,0,38,6,32010,1.0,11,5.0,3,5,0,4,3,4,2.94709236031927,4.0,4.0,1,1,0,1,1,1,0,0,0,0,0,0,0,1,0,0,1,1,0,0,0,1,0,0,0,0,1,0,0,0,1,0,1,0,1,0,0
2744,0,42,7,92080,1.0,15,24.0,2,24,14,9,3,3,3.0,4.0,3.0,1,1,1,1,1,2,1,0,0,0,1,0,0,0,0,1,0,0,0,1,0,0,0,1,0,0,0,0,0,0,0,0,1,0,1,0,0
388,0,50,1,134960,3.0,18,22.0,3,12,1,5,3,3,1.0,4.0,4.0,1,1,1,1,1,2,0,0,0,0,0,0,0,1,0,0,1,0,1,0,0,0,0,0,0,1,1,0,0,0,1,0,1,0,1,0,0
2420,0,49,18,92410,1.0,19,7.0,5,7,1,7,3,1,2.0,4.0,4.0,1,1,1,1,1,2,0,0,0,0,0,0,0,1,0,0,0,0,0,0,0,0,0,0,1,0,1,0,0,0,0,0,1,0,1,0,0
4167,1,29,2,49780,0.0,8,7.0,3,6,1,5,2,3,1.0,3.0,2.0,1,1,1,1,1,0,1,0,0,0,0,0,0,1,0,0,1,0,1,0,0,1,0,0,0,0,0,0,0,0,0,1,1,0,0,0,0
156,0,36,2,40250,1.0,11,10.0,3,10,9,7,3,3,1.0,3.0,4.0,1,1,1,1,1,1,1,0,0,0,0,0,1,0,0,0,0,0,0,1,0,0,0,1,0,0,0,0,0,0,0,1,1,0,0,0,0
4029,1,33,10,29040,4.0,8,5.0,2,2,2,2,3,1,1.0,2.0,1.0,1,1,1,1,1,1,1,0,0,0,1,0,0,0,0,0,1,1,0,0,0,1,0,0,0,0,0,0,1,0,0,1,1,0,0,0,0
346,0,28,8,135910,5.0,20,6.0,2,2,2,2,4,4,2.0,2.0,3.0,1,1,1,1,1,0,0,0,0,1,0,0,0,0,0,0,1,0,1,0,0,1,0,0,0,0,0,1,0,0,0,0,1,0,1,0,0
3135,0,47,6,23660,3.0,17,11.0,5,5,1,2,3,4,2.0,3.0,3.0,1,1,1,1,1,2,0,0,0,0,0,0,0,0,1,0,1,0,0,1,0,0,0,1,0,0,1,0,0,0,1,0,1,0,0,0,0
1326,0,37,4,21440,6.0,19,17.0,3,5,0,3,3,3,4.0,2.0,3.0,1,1,1,1,1,1,1,0,0,0,0,0,1,0,0,0,1,0,1,0,0,1,0,0,0,0,0,0,1,0,1,0,1,0,0,0,0
3535,0,36,2,20180,1.0,13,6.0,5,6,0,3,3,4,3.0,2.0,3.0,1,1,1,1,1,1,0,0,1,0,0,0,0,0,0,1,0,0,1,0,0,1,0,0,0,0,1,0,0,0,0,1,1,0,0,0,0
3806,1,24,34,28860,1.0,12,1.0,5,1,0,0,1,3,4.0,3.0,1.0,1,1,1,1,1,0,1,0,0,0,1,0,0,0,0,0,1,0,0,1,0,0,0,0,0,0,0,1,0,0,1,0,0,0,1,0,0
3772,1,29,4,27230,6.0,8,3.0,2,0,0,0,2,4,3.0,2.0,2.0,1,1,1,1,1,0,1,0,0,0,0,0,0,1,0,0,1,0,0,0,1,1,0,0,0,0,0,0,0,0,0,1,0,0,1,0,0
2565,0,27,2,23670,1.0,12,5.0,2,5,0,4,3,4,4.0,2.0,4.0,1,1,1,1,1,0,1,0,0,0,0,0,0,1,0,0,1,0,1,0,0,1,0,0,0,0,0,0,0,0,0,0,0,1,1,0,0
868,0,58,2,23760,4.0,12,37.0,3,16,14,14,3,2,3.0,4.0,2.0,1,1,1,1,1,3,1,0,1,0,0,0,0,0,0,0,0,0,0,1,0,0,0,1,0,0,0,0,0,0,0,0,1,0,1,0,0
2315,0,30,14,22960,1.0,18,10.0,2,10,3,0,3,3,4.0,4.0,3.0,1,1,1,1,1,0,1,1,0,0,0,0,0,0,0,0,1,0,1,0,0,1,0,0,0,0,0,0,1,0,1,0,0,1,1,0,0
3195,0,46,10,23320,1.0,11,27.0,2,26,0,12,3,3,4.0,3.0,4.0,1,1,1,1,1,2,1,0,1,0,0,0,0,0,0,0,1,0,0,1,0,0,0,0,0,1,0,0,0,0,0,1,1,0,0,0,0
773,0,54,19,26000,3.0,14,36.0,5,10,4,7,3,3,1.0,4.0,4.0,1,1,1,1,1,3,1,0,1,0,0,0,0,0,0,0,1,0,1,0,0,0,1,0,0,0,0,0,0,0,1,0,0,1,0,0,0
776,0,29,1,42400,1.0,14,10.0,2,10,0,9,3,3,3.0,3.0,3.0,1,1,1,1,1,0,1,0,0,0,0,0,0,0,1,0,1,1,0,0,0,0,0,1,0,0,1,0,0,0,0,0,1,0,0,0,0
2649,0,24,1,34070,1.0,15,6.0,2,6,1,4,3,4,4.0,4.0,2.0,1,1,1,1,1,0,0,0,0,0,0,0,0,1,0,0,1,0,1,0,0,0,1,0,0,0,0,0,0,0,1,0,0,1,0,1,0
3353,0,46,1,190810,3.0,16,12.0,2,9,4,7,4,4,2.0,3.0,3.0,1,1,1,1,1,2,0,0,1,0,0,0,0,0,0,0,1,0,1,0,0,1,0,0,0,0,0,0,0,0,0,0,0,0,0,0,0
1372,0,30,12,23800,4.0,18,9.0,2,5,1,4,3,4,3.0,4.0,3.0,1,1,1,1,1,0,0,0,0,0,0,0,0,1,0,0,0,0,1,0,0,0,0,1,0,0,1,0,0,0,1,0,1,0,0,0,1
3277,0,40,18,23230,2.0,16,18.0,2,1,0,0,3,4,4.0,2.0,3.0,1,1,1,1,1,1,1,0,0,0,0,0,0,0,0,0,1,1,0,0,0,0,0,0,0,1,0,0,0,0,1,0,1,0,1,0,0
3558,0,51,6,24500,0.0,15,11.0,2,10,1,0,3,3,4.0,4.0,3.0,1,1,1,1,1,3,0,0,0,0,0,0,0,0,1,0,1,0,0,1,0,1,0,0,0,0,0,0,0,1,0,1,1,0,1,0,0
3124,0,30,6,21430,1.0,17,1.0,2,1,0,0,3,4,3.0,4.0,4.0,1,1,1,1,1,0,1,0,0,0,1,0,0,0,0,0,0,0,1,0,0,1,0,0,0,0,0,0,0,0,0,0,1,0,1,0,0
3007,0,33,6,161840,0.0,13,10.0,2,9,0,8,3,2,4.0,3.0,4.0,1,1,1,1,1,1,0,0,0,0,0,0,1,0,0,0,1,1,0,0,0,1,0,0,0,0,1,0,0,0,0,0,1,0,1,0,0
2811,0,47,2,99810,1.0,21,3.0,3,3,1,2,4,2,3.0,2.0,3.0,1,1,1,1,1,2,1,0,0,0,1,0,0,0,0,0,1,0,1,0,0,1,0,0,0,0,1,0,0,0,0,1,1,0,1,0,0
4136,1,34,18,84630,2.0,9,8.0,2,4,1,3,2,4,3.0,2.0,2.0,1,1,1,1,1,1,0,0,0,0,0,0,1,0,0,0,1,1,0,0,0,0,1,0,0,0,1,0,0,0,0,1,0,1,0,0,0
2334,0,32,10,20610,1.0,15,1.0,2,1,0,0,3,3,3.0,4.0,4.0,1,1,1,1,1,1,0,0,0,0,0,0,0,0,1,0,1,1,0,0,0,0,0,0,0,0,0,0,0,0,0,1,0,0,1,0,0
613,0,27,2,37080,1.0,16,6.0,2,6,4,4,3,4,4.0,2.0,3.0,1,1,1,1,1,0,1,1,0,0,0,0,0,0,0,0,1,0,0,1,0,1,0,0,0,0,0,0,0,0,1,0,1,0,0,1,0
2112,0,45,1,170480,4.0,15,10.0,3,8,5,7,3,3,3.0,2.0,3.0,1,1,1,1,1,2,1,0,0,0,0,0,1,0,0,0,0,0,0,1,0,0,0,0,0,1,0,0,0,0,1,0,0,1,0,0,0
2566,0,28,2,28580,1.0,12,7.0,2,7,0,7,3,3,1.0,4.0,3.0,1,1,1,1,1,0,1,0,0,1,0,0,0,0,0,0,1,1,0,0,0,0,0,1,0,0,0,1,0,0,0,1,1,0,0,0,0
861,0,39,2,51550,2.0,18,7.0,3,2,2,2,3,4,3.0,3.0,3.0,1,1,1,1,1,1,1,0,0,0,0,0,0,0,0,1,0,0,0,0,0,0,0,1,0,0,1,0,0,0,0,0,1,0,1,0,0
3628,0,30,1,54700,1.0,12,12.0,2,12,6,10,3,3,4.0,3.0,4.0,1,1,1,1,1,0,0,0,0,0,0,0,0,1,0,0,0,0,1,0,0,0,0,1,0,0,0,0,0,0,0,0,0,1,1,0,0
3267,0,24,5,10520,1.0,13,5.0,3,5,0,4,3,3,3.0,2.0,4.0,1,1,1,1,1,0,1,0,0,0,0,0,0,1,0,0,1,0,1,0,0,1,0,0,0,0,0,1,0,0,1,0,1,0,0,0,0
3718,1,25,6,26600,5.0,4,6.0,3,2,0,2,2,3,1.0,1.0,3.0,1,1,1,1,1,0,0,0,1,0,0,0,0,0,0,0,1,1,0,0,0,1,0,0,0,0,0,1,0,0,1,0,1,0,0,0,0
3482,0,49,1,58100,1.0,14,10.0,2,10,1,7,4,4,1.0,2.0,4.0,1,1,1,1,1,2,0,0,0,0,1,0,0,0,0,1,0,0,0,1,0,1,0,0,0,0,1,0,0,0,1,0,0,1,1,0,0
2945,0,42,1,30340,7.0,21,9.0,3,6,1,5,4,3,4.0,2.0,2.0,1,1,1,1,1,2,1,0,1,0,0,0,0,0,0,0,1,1,0,0,0,1,0,0,0,0,0,0,1,0,0,1,1,0,1,0,0
1160,0,27,4,47350,0.0,13,6.0,2,5,1,1,3,4,1.0,3.0,2.0,1,1,1,1,1,0,1,0,0,0,0,0,0,0,0,0,1,0,0,1,0,0,0,1,0,0,1,0,0,0,1,0,1,0,0,0,0
2037,0,36,1,41070,3.0,11,17.0,2,13,6,7,3,1,2.0,4.0,4.0,1,1,1,1,1,1,0,0,0,0,0,0,1,0,0,0,1,0,0,1,0,1,0,0,0,0,0,1,0,0,0,1,0,0,1,0,0
3265,0,35,10,20420,0.0,16,6.0,2,5,1,4,3,4,4.0,2.0,3.0,1,1,1,1,1,1,1,0,0,0,0,0,0,1,0,1,0,0,1,0,0,1,0,0,0,0,0,1,0,0,0,1,1,0,0,0,0
2138,0,35,2,18590,0.0,25,4.0,2,3,0,2,4,4,4.0,4.0,4.0,1,1,1,1,1,1,1,0,1,0,0,0,0,0,0,0,1,0,0,0,0,0,0,0,0,1,1,0,0,0,1,0,0,1,1,0,0
890,0,42,2,45390,4.0,17,8.0,5,0,0,0,3,3,3.0,3.0,4.0,1,1,1,1,1,2,0,0,0,0,0,1,0,0,0,0,1,0,0,1,0,0,0,1,0,0,1,0,0,0,0,1,0,1,1,0,0
2246,0,27,6,164220,1.0,20,6.0,3,6,0,3,4,4,2.0,1.0,3.0,1,1,1,1,1,0,1,0,1,0,0,0,0,0,0,0,1,1,0,0,0,0,0,1,0,0,0,0,0,0,1,0,1,0,1,0,0
1115,0,36,1,175670,5.0,13,7.0,6,1,0,0,3,4,4.0,3.0,4.0,1,1,1,1,1,1,0,0,0,0,1,0,0,0,0,0,1,0,1,0,0,0,0,1,0,0,1,0,0,0,0,0,1,0,0,0,0
2686,0,38,13,147560,0.0,20,8.0,3,7,0,5,4,2,2.0,3.0,4.0,1,1,1,1,1,1,1,0,0,0,0,0,1,0,0,0,1,0,1,0,0,1,0,0,0,0,0,0,0,1,0,1,1,0,1,0,0
2001,0,34,8,41480,1.0,11,11.0,3,11,7,9,3,3,3.0,2.0,4.0,1,1,1,1,1,1,1,0,1,0,0,0,0,0,0,0,1,0,1,0,0,0,0,1,0,0,0,1,0,0,0,0,1,0,0,0,0
1520,0,42,12,46680,9.0,18,8.0,2,4,0,2,3,3,4.0,4.0,3.0,1,1,1,1,1,2,1,0,1,0,0,0,0,0,0,0,1,0,0,0,0,0,1,0,0,0,1,0,0,0,1,0,0,1,0,1,0
244,0,30,6,52090,7.0,14,10.0,3,8,7,7,3,2,4.0,3.0,4.0,1,1,1,1,1,0,1,0,0,0,0,0,0,1,0,0,1,0,1,0,0,1,0,0,0,0,1,0,0,0,0,0,1,0,1,0,0
2889,0,38,7,26950,3.0,14,8.0,4,2,2,2,3,3,3.0,4.0,4.0,1,1,1,1,1,1,1,0,0,0,0,0,1,0,0,1,0,0,0,1,0,0,0,1,0,0,1,0,0,0,1,0,0,1,1,0,0
386,0,45,2,66440,1.0,12,9.0,3,9,0,8,3,3,4.0,4.0,3.0,1,1,1,1,1,2,0,0,0,0,0,0,0,1,0,0,0,0,1,0,0,0,0,1,0,0,0,0,0,0,1,0,0,1,0,0,0
3084,0,35,5,61420,2.0,15,10.0,2,2,2,2,3,4,2.0,3.0,3.0,1,1,1,1,1,1,0,0,0,0,0,1,0,0,0,1,0,0,0,1,0,0,0,1,0,0,1,0,0,0,0,1,1,0,1,0,0
2300,0,36,1,86060,1.0,14,17.0,3,17,12,8,3,4,3.0,2.0,3.0,1,1,1,1,1,1,0,0,0,0,0,0,0,1,0,0,1,1,0,0,0,0,1,0,0,0,1,0,0,0,0,0,0,1,0,1,0
4376,1,24,2,47680,2.0,2,6.0,2,2,2,0,1,2,2.0,4.0,2.0,1,1,1,1,1,0,1,0,0,0,0,0,0,1,0,0,1,0,0,0,1,0,0,0,0,0,0,1,0,0,1,0,0,0,1,0,0
1771,0,29,2,48050,3.0,16,9.0,2,7,1,7,3,4,4.0,3.0,3.0,1,1,1,1,1,0,0,0,0,0,0,0,0,0,0,0,1,0,1,0,0,0,0,0,0,1,1,0,0,0,0,0,1,0,1,0,0
3762,1,41,28,26570,4.0,4,10.0,3,7,1,0,2,1,2.0,1.0,2.0,1,1,1,1,1,2,0,0,0,0,0,0,0,1,0,0,1,0,1,0,0,1,0,0,0,0,1,0,0,0,0,0,1,0,0,0,0
3384,0,31,20,182130,8.0,14,4.0,3,2,2,2,4,3,4.0,3.0,4.0,1,1,1,1,1,1,0,0,0,0,1,0,0,0,0,0,1,1,0,0,0,1,0,0,0,0,0,1,0,0,0,0,0,1,0,1,0
1402,0,40,1,30680,3.0,19,20.0,3,1,0,1,3,4,3.0,3.0,4.0,1,1,1,1,1,1,0,0,1,0,0,0,0,0,0,0,0,0,0,1,0,0,0,0,0,1,1,0,0,0,0,0,1,0,0,0,0
2571,0,24,1,28970,1.0,18,5.0,4,5,0,3,3,3,4.0,4.0,2.0,1,1,1,1,1,0,0,0,0,1,0,0,0,0,0,0,1,0,1,0,0,1,0,0,0,0,0,0,0,1,0,0,1,0,0,0,1
3778,1,26,25,135250,8.0,10,7.0,4,2,2,2,3,3,2.0,1.0,1.0,1,1,1,1,1,0,0,0,0,0,1,0,0,0,0,0,0,0,0,0,0,1,0,0,0,0,0,0,0,0,0,1,1,0,1,0,0
1829,0,56,19,32210,4.0,15,33.0,2,19,15,9,3,3,4.0,2.0,4.0,1,1,1,1,1,3,1,0,1,0,0,0,0,0,0,0,1,0,0,1,0,1,0,0,0,0,1,0,0,0,1,0,1,0,0,1,0
1848,0,42,18,26420,0.0,13,21.0,3,20,0,9,3,4,4.0,3.0,3.0,1,1,1,1,1,2,0,0,0,0,0,0,1,0,0,0,1,0,1,0,0,0,1,0,0,0,0,1,0,0,1,0,0,1,1,0,0
1459,0,34,14,27030,1.0,21,9.0,2,8,7,7,4,2,4.0,3.0,3.0,1,1,1,1,1,1,1,0,0,0,0,0,0,0,0,0,1,0,0,0,0,0,0,1,0,0,0,0,0,0,0,1,1,0,1,0,0
2514,0,33,7,193920,6.0,12,12.0,3,10,8,8,3,3,2.0,4.0,2.0,1,1,1,1,1,1,1,0,0,0,0,1,0,0,0,1,0,0,1,0,0,1,0,0,0,0,0,0,1,0,1,0,1,0,1,0,0
199,0,44,23,19510,4.0,22,10.0,4,2,0,2,4,4,3.0,2.0,3.0,1,1,1,1,1,2,1,0,0,0,0,0,0,1,0,0,1,0,0,1,0,0,1,0,0,0,1,0,0,0,0,1,0,1,0,0,1
814,0,35,6,24610,2.0,20,17.0,4,7,0,7,4,1,4.0,3.0,3.0,1,1,1,1,1,1,1,0,1,0,0,0,0,0,0,0,1,0,0,1,0,1,0,0,0,0,0,0,0,0,1,0,0,1,1,0,0
3919,1,51,7,15690,2.0,11,18.0,2,4,0,3,1,3,1.0,2.0,2.0,1,1,1,1,1,3,0,0,0,1,0,0,0,0,0,1,0,0,1,0,0,1,0,0,0,0,0,0,0,0,0,1,1,0,0,0,0
1649,0,32,12,69290,9.0,20,10.0,6,8,7,7,4,3,4.0,3.0,4.0,1,1,1,1,1,1,1,0,0,1,0,0,0,0,0,0,0,0,1,0,0,0,0,1,0,0,1,0,0,0,0,1,1,0,0,0,0
2723,0,38,8,181720,6.0,12,6.0,5,1,0,1,3,3,4.0,2.0,3.0,1,1,1,1,1,1,1,0,1,0,0,0,0,0,0,0,1,0,1,0,0,0,0,1,0,0,0,0,1,0,1,0,0,1,0,1,0
527,0,54,7,20930,3.0,19,36.0,2,10,0,9,3,4,1.0,4.0,4.0,1,1,1,1,1,3,1,0,0,0,0,0,0,1,0,0,1,0,0,1,0,1,0,0,0,0,1,0,0,0,1,0,1,0,0,0,0
1534,0,27,1,27130,1.0,11,0.0,2,0,0,0,3,4,2.0,4.0,2.0,1,1,1,1,1,0,0,0,0,0,0,0,0,1,0,0,0,0,1,0,0,0,0,0,0,1,0,0,0,0,1,0,0,1,0,0,0
841,0,41,4,121690,1.0,19,5.0,2,5,0,4,3,4,1.0,2.0,4.0,1,1,1,1,1,2,1,0,0,0,0,0,0,0,1,0,1,0,1,0,0,0,0,1,0,0,0,0,0,0,0,0,1,0,0,0,0
1764,0,43,9,168350,3.0,17,25.0,3,8,0,7,3,4,4.0,4.0,3.0,1,1,1,1,1,2,1,0,1,0,0,0,0,0,0,0,1,1,0,0,0,1,0,0,0,0,0,1,0,0,1,0,1,0,1,0,0
3297,0,33,2,25960,8.0,11,13.0,4,11,1,7,3,3,4.0,4.0,3.0,1,1,1,1,1,1,1,0,0,0,0,0,0,0,1,0,0,0,0,1,0,0,0,1,0,0,0,0,0,0,0,1,1,0,1,0,0
1163,0,45,19,54760,4.0,13,9.0,3,5,0,3,3,2,3.0,2.0,4.0,1,1,1,1,1,2,1,0,0,0,0,0,0,1,0,0,1,1,0,0,0,0,0,1,0,0,1,0,0,0,0,0,1,0,1,0,0
2383,0,22,2,132690,1.0,25,2.0,2,2,2,2,4,4,1.0,2.0,3.0,1,1,1,1,1,0,1,0,1,0,0,0,0,0,0,0,1,0,1,0,0,0,0,1,0,0,0,0,0,0,1,0,1,0,1,0,0
686,0,42,1,106850,4.0,11,4.0,2,1,0,0,3,3,3.0,4.0,2.0,1,1,1,1,1,2,0,0,0,0,1,0,0,0,0,0,1,0,1,0,0,1,0,0,0,0,0,0,0,0,1,0,1,0,0,0,1
3869,1,35,18,19040,1.0,19,10.0,4,10,7,7,3,3,4.0,2.0,1.0,1,1,1,1,1,1,1,0,0,0,0,0,1,0,0,0,1,0,0,1,0,1,0,0,0,0,1,0,0,0,0,1,1,0,1,0,0
4157,1,32,2,41480,7.0,11,10.0,0,5,0,4,1,2,4.0,2.0,2.0,1,1,1,1,1,1,0,0,0,0,0,1,0,0,0,0,1,0,0,1,0,1,0,0,0,0,1,0,0,0,0,1,1,0,0,0,0
1583,0,33,2,59140,3.0,16,6.0,4,3,0,2,3,4,4.0,4.0,4.0,1,1,1,1,1,1,0,0,0,0,0,0,0,1,0,0,1,0,1,0,0,0,1,0,0,0,0,0,0,0,0,1,0,1,1,0,0
2496,0,37,7,15140,1.0,14,4.0,3,4,1,2,3,2,3.0,3.0,4.0,1,1,1,1,1,1,1,0,1,0,0,0,0,0,0,1,0,0,0,0,0,0,1,0,0,0,0,0,0,0,1,0,0,1,0,0,0
1166,0,46,8,153790,1.0,12,24.0,1,24,15,7,3,3,3.0,3.0,3.0,1,1,1,1,1,2,0,0,1,0,0,0,0,0,0,0,1,0,1,0,0,0,0,0,0,1,1,0,0,0,0,0,1,0,0,0,0
455,0,28,1,67810,0.0,15,10.0,2,9,1,7,3,3,4.0,4.0,3.0,1,1,1,1,1,0,0,0,1,0,0,0,0,0,0,0,1,0,1,0,0,0,0,0,0,0,0,0,1,0,0,0,0,0,1,0,0
2816,0,33,2,59140,3.0,16,6.0,4,3,0,2,3,4,4.0,4.0,4.0,1,1,1,1,1,1,0,0,0,0,0,0,0,1,0,0,1,0,1,0,0,0,1,0,0,0,0,0,0,0,0,1,0,1,1,0,0
1432,0,44,23,19510,4.0,22,10.0,4,2,0,2,4,2,4.0,2.0,3.0,1,1,1,1,1,2,1,0,0,0,0,0,0,1,0,0,1,0,0,1,0,0,1,0,0,0,1,0,0,0,0,1,0,1,0,0,1
878,0,18,2,186060,1.0,24,0.0,4,0,0,0,4,4,3.0,2.0,3.0,1,1,1,1,1,0,1,0,0,0,0,0,0,0,1,0,0,0,1,0,0,1,0,0,0,0,0,1,0,0,0,1,1,0,0,1,0
2442,0,52,1,83460,7.0,14,6.0,5,2,2,2,3,3,3.0,2.0,4.0,1,1,1,1,1,3,0,0,0,1,0,0,0,0,0,0,1,1,0,0,0,0,0,1,0,0,0,0,1,0,0,1,1,0,0,0,0
504,0,46,6,17020,5.0,21,25.0,2,4,0,3,4,3,2.0,1.0,3.0,1,1,1,1,1,2,1,0,0,1,0,0,0,0,0,0,1,0,0,1,0,0,0,0,1,0,0,1,0,0,1,0,1,0,0,0,0
2599,0,60,8,22690,5.0,18,33.0,4,29,11,10,3,4,1.0,2.0,4.0,1,1,1,1,1,3,0,0,0,0,1,0,0,0,0,0,1,0,1,0,0,1,0,0,0,0,0,0,0,0,1,0,1,0,1,0,0
1876,0,31,13,42440,9.0,13,8.0,3,3,0,2,3,3,4.0,4.0,4.0,1,1,1,1,1,1,1,1,0,0,0,0,0,0,0,0,1,0,0,1,0,1,0,0,0,0,0,1,0,0,0,1,1,0,0,0,0
2503,0,28,7,46480,0.0,23,9.0,2,8,0,7,4,4,4.0,2.0,3.0,1,1,1,1,1,0,1,0,0,0,0,0,0,0,1,0,1,0,1,0,0,0,0,1,0,0,0,0,0,0,0,1,1,0,0,1,0
1798,0,39,23,54600,6.0,13,21.0,3,19,15,2,3,4,3.0,3.0,4.0,1,1,1,1,1,1,0,0,1,0,0,0,0,0,0,0,1,0,0,0,0,0,1,0,0,0,0,0,0,0,0,0,0,1,0,1,0
942,0,32,2,62090,5.0,17,9.0,5,5,1,2,3,2,4.0,4.0,3.0,1,1,1,1,1,1,1,0,0,1,0,0,0,0,0,0,0,0,0,0,0,1,0,0,0,0,0,1,0,0,0,0,1,0,1,0,0
858,0,42,6,57140,5.0,11,10.0,2,0,0,0,3,2,4.0,4.0,4.0,1,1,1,1,1,2,0,0,1,0,0,0,0,0,0,0,1,0,0,1,0,0,0,0,1,0,1,0,0,0,1,0,1,0,0,0,0
464,0,28,2,93550,0.0,11,6.0,4,5,0,4,3,2,3.0,3.0,3.0,1,1,1,1,1,0,1,0,0,0,0,0,0,1,0,0,1,0,0,1,0,0,1,0,0,0,0,0,0,0,1,0,0,1,0,0,0
1147,0,58,2,52060,4.0,11,9.0,4,1,0,0,3,3,3.0,3.0,3.0,1,1,1,1,1,3,0,0,0,0,0,0,1,0,0,0,1,0,1,0,0,0,1,0,0,0,0,0,0,0,1,0,0,1,0,0,1
1843,0,25,6,22160,2.0,13,6.0,2,3,1,2,3,3,1.0,4.0,2.0,1,1,1,1,1,0,1,0,0,0,0,0,0,1,0,0,1,0,0,1,0,1,0,0,0,0,0,0,0,0,1,0,1,0,0,0,1
1291,0,31,2,97130,1.0,17,10.0,5,10,8,9,3,4,3.0,3.0,2.0,1,1,1,1,1,1,0,0,0,1,0,0,0,0,0,1,0,0,0,0,0,1,0,0,0,0,0,0,0,0,1,0,1,0,0,0,0
4084,1,28,1,24130,1.0,10,1.0,2,1,0,0,3,3,4.0,2.0,2.0,1,1,1,1,1,0,0,0,1,0,0,0,0,0,0,0,1,0,1,0,0,0,0,1,0,0,1,0,0,0,1,0,0,0,1,0,0
2810,0,36,21,84740,0.0,14,17.0,3,16,4,11,3,4,4.0,4.0,4.0,1,1,1,1,1,1,1,0,1,0,0,0,0,0,0,0,1,0,0,1,0,0,0,1,0,0,0,0,0,0,1,0,1,0,0,0,0
2117,0,32,7,43270,8.0,13,4.0,4,0,0,0,3,3,4.0,4.0,3.0,1,1,1,1,1,1,1,0,0,0,0,0,0,1,0,1,0,0,0,1,0,1,0,0,0,0,0,0,1,0,0,1,0,1,0,0,0
4024,1,44,22,21190,9.0,10,24.0,3,20,3,6,2,3,2.0,1.0,1.0,1,1,1,1,1,2,0,0,0,0,0,0,0,1,0,0,1,0,0,1,0,1,0,0,0,0,1,0,0,0,1,0,1,0,0,0,0
3365,0,28,23,68520,1.0,14,1.0,2,1,0,0,3,2,4.0,4.0,3.0,1,1,1,1,1,0,1,0,1,0,0,0,0,0,0,0,1,1,0,0,0,1,0,0,0,0,1,0,0,0,1,0,1,0,1,0,0
4049,1,29,35,28860,3.0,7,10.0,4,7,7,7,1,2,1.0,2.0,2.0,1,1,1,1,1,0,0,0,0,0,0,0,0,0,1,0,1,0,0,1,0,0,0,0,0,1,0,0,0,0,0,0,1,0,0,0,0
4122,1,32,11,191900,3.0,9,8.0,2,4,0,3,3,2,4.0,1.0,2.0,1,1,1,1,1,1,1,0,1,0,0,0,0,0,0,1,0,0,1,0,0,1,0,0,0,0,1,0,0,0,0,1,1,0,1,0,0
2856,0,46,22,190450,6.0,11,13.0,2,8,0,7,3,3,4.0,3.0,4.0,1,1,1,1,1,2,0,1,0,0,0,0,0,0,0,0,1,0,1,0,0,0,0,1,0,0,0,1,0,0,0,0,1,0,0,0,1
2467,0,32,14,193280,1.0,15,5.0,2,5,0,3,3,2,2.0,1.0,4.0,1,1,1,1,1,1,1,0,0,0,0,0,0,1,0,1,0,0,0,1,0,0,0,0,1,0,0,0,1,0,1,0,1,0,0,0,1
2252,0,32,7,35000,0.0,16,8.0,2,7,3,6,3,3,4.0,2.0,4.0,1,1,1,1,1,1,0,0,0,0,0,0,1,0,0,1,0,1,0,0,0,0,0,1,0,0,1,0,0,0,0,1,1,0,1,0,0
4235,1,22,18,124900,0.0,6,4.0,3,3,0,2,2,3,2.0,1.0,2.0,1,1,1,1,1,0,0,0,1,0,0,0,0,0,0,0,1,0,0,1,0,1,0,0,0,0,0,0,0,0,1,0,1,0,0,0,0
2966,0,30,16,48100,8.0,18,8.0,3,4,0,3,3,4,2.0,4.0,3.0,1,1,1,1,1,0,1,0,0,0,0,0,0,1,0,0,1,0,1,0,0,0,1,0,0,0,0,1,0,0,0,0,0,1,0,0,0
4160,1,41,22,53470,1.0,14,4.0,1,4,0,2,4,3,3.0,1.0,1.0,1,1,1,1,1,2,1,0,1,0,0,0,0,0,0,0,1,0,0,1,0,1,0,0,0,0,0,0,0,1,0,1,1,0,1,0,0
3082,0,52,4,27590,9.0,18,12.0,6,5,0,4,3,1,3.0,3.0,4.0,1,1,1,1,1,3,0,0,0,0,0,0,0,0,0,0,1,1,0,0,0,1,0,0,0,0,0,0,0,0,1,0,1,0,1,0,0
1931,0,35,8,109030,0.0,11,6.0,3,5,4,2,3,4,4.0,4.0,3.0,1,1,1,1,1,1,1,0,0,0,0,0,0,0,0,0,1,0,0,0,0,1,0,0,0,0,0,0,0,0,1,0,1,0,0,0,0
3225,0,27,8,194190,7.0,14,5.0,2,3,0,2,3,3,2.0,3.0,2.0,1,1,1,1,1,0,1,0,0,0,0,0,0,1,0,0,1,0,0,1,0,1,0,0,0,0,0,1,0,0,1,0,0,1,1,0,0
4121,1,28,30,187890,3.0,15,6.0,4,2,2,2,3,2,1.0,2.0,3.0,1,1,1,1,1,0,1,0,0,0,0,1,0,0,0,0,1,0,1,0,0,0,0,0,0,1,0,0,0,0,0,1,1,0,1,0,0
510,0,20,14,84120,1.0,13,2.0,2,2,2,2,3,4,3.0,2.0,4.0,1,1,1,1,1,0,1,1,0,0,0,0,0,0,0,0,1,0,0,1,0,0,0,1,0,0,0,0,0,0,0,1,1,0,0,0,0
1220,0,45,14,58110,0.0,14,25.0,4,24,1,7,3,4,4.0,4.0,3.0,1,1,1,1,1,2,0,0,0,0,0,0,0,0,1,0,1,0,0,0,0,1,0,0,0,0,1,0,0,0,1,0,1,0,0,0,0
3667,0,33,7,32950,6.0,12,7.0,2,3,1,1,4,3,4.0,4.0,1.0,1,1,1,1,1,1,0,0,0,0,0,0,0,1,0,0,1,0,0,0,0,0,0,0,1,0,0,1,0,0,1,0,0,1,0,1,0
604,0,51,16,148140,2.0,11,14.0,2,4,3,2,3,3,4.0,4.0,3.0,1,1,1,1,1,3,1,0,0,0,0,0,0,1,0,1,0,0,1,0,0,0,0,1,0,0,1,0,0,0,1,0,1,0,1,0,0
1320,0,42,2,21330,3.0,13,14.0,2,1,0,0,3,4,4.0,4.0,3.0,1,1,1,1,1,2,0,0,1,0,0,0,0,0,0,0,1,1,0,0,0,0,0,1,0,0,0,0,0,0,0,1,0,1,0,1,0
509,0,44,2,25640,1.0,12,20.0,3,20,13,17,3,4,4.0,2.0,3.0,1,1,1,1,1,2,1,0,0,0,0,0,1,0,0,0,1,0,0,1,0,0,0,1,0,0,1,0,0,0,0,1,1,0,0,0,1
2390,0,30,1,174260,2.0,12,12.0,0,10,7,4,3,4,4.0,3.0,4.0,1,1,1,1,1,0,0,0,0,1,0,0,0,0,0,0,1,0,0,1,0,0,0,0,0,0,0,0,0,0,1,0,0,0,1,0,0
2261,0,29,13,36460,1.0,14,10.0,3,10,8,8,3,4,4.0,4.0,3.0,1,1,1,1,1,0,0,0,1,0,0,0,0,0,0,0,1,1,0,0,0,1,0,0,0,0,0,0,1,0,0,0,1,0,0,0,0
1966,0,44,8,25190,0.0,21,23.0,2,22,1,10,4,3,2.0,4.0,4.0,1,1,1,1,1,2,1,0,0,1,0,0,0,0,0,0,1,0,1,0,0,0,0,0,0,1,0,1,0,0,0,0,1,0,0,1,0
1403,0,41,18,26700,2.0,15,10.0,2,8,0,7,3,4,4.0,3.0,4.0,1,1,1,1,1,2,1,0,0,0,1,0,0,0,0,0,0,0,1,0,0,1,0,0,0,0,1,0,0,0,0,1,1,0,0,1,0
1085,0,38,9,24300,7.0,13,17.0,2,13,1,9,3,2,4.0,2.0,3.0,1,1,1,1,1,1,1,0,1,0,0,0,0,0,0,0,0,0,0,0,0,0,1,0,0,0,1,0,0,0,0,0,0,1,0,1,0
1242,0,36,22,33770,0.0,12,16.0,2,15,10,11,3,4,4.0,4.0,3.0,1,1,1,1,1,1,1,0,1,0,0,0,0,0,0,0,1,0,0,0,0,1,0,0,0,0,0,0,0,0,1,0,1,0,0,1,0
3354,0,28,6,89660,1.0,11,3.0,3,3,2,2,3,3,3.0,3.0,3.0,1,1,1,1,1,0,1,0,0,0,0,0,0,1,0,0,0,0,1,0,0,1,0,0,0,0,0,0,0,0,0,0,1,0,1,0,0
1332,0,27,2,23670,1.0,12,5.0,2,5,0,4,3,3,1.0,3.0,3.0,1,1,1,1,1,0,1,0,0,0,0,0,0,1,0,0,1,0,1,0,0,1,0,0,0,0,0,0,0,0,0,0,0,1,1,0,0
656,0,42,6,60620,1.0,22,12.0,2,12,5,8,4,4,4.0,2.0,2.0,1,1,1,1,1,2,0,0,0,0,0,0,0,1,0,1,0,0,0,1,0,0,0,1,0,0,0,0,0,0,0,1,1,0,0,1,0
4032,1,39,1,67550,7.0,10,21.0,2,18,11,5,3,1,1.0,1.0,1.0,1,1,1,1,1,1,1,0,0,0,0,0,0,0,0,1,0,0,1,0,0,0,1,0,0,0,1,0,0,0,0,0,0,1,1,0,0
904,0,37,6,20110,5.0,13,16.0,4,5,0,4,3,4,4.0,2.0,3.0,1,1,1,1,1,1,1,0,0,0,1,0,0,0,0,0,1,1,0,0,0,0,0,1,0,0,0,0,0,0,1,0,1,0,0,0,0
2168,0,28,17,79780,1.0,16,5.0,2,5,1,4,3,4,4.0,3.0,4.0,1,1,1,1,1,0,1,0,0,0,0,0,1,0,0,0,0,0,0,0,0,0,0,1,0,0,0,1,0,0,0,1,1,0,0,1,0
1010,0,26,9,92780,0.0,20,5.0,3,4,0,0,4,4,1.0,4.0,3.0,1,1,1,1,1,0,1,0,0,1,0,0,0,0,0,0,1,0,0,1,0,0,0,1,0,0,1,0,0,0,0,1,1,0,0,0,0
4169,1,33,13,71400,5.0,16,8.0,2,5,0,4,4,4,4.0,3.0,2.0,1,1,1,1,1,1,1,0,0,0,0,0,1,0,0,0,1,0,0,1,0,0,1,0,0,0,0,0,0,0,1,0,0,1,0,0,0
4137,1,32,12,165980,1.0,6,10.0,2,10,6,7,3,3,2.0,2.0,2.0,1,1,1,1,1,1,0,0,0,0,1,0,0,0,0,1,0,0,1,0,0,0,0,1,0,0,1,0,0,0,0,1,1,0,0,0,0
2182,0,33,2,168800,1.0,14,9.0,2,9,2,8,3,4,3.0,4.0,3.0,1,1,1,1,1,1,0,0,0,0,0,0,0,1,0,1,0,0,0,1,0,0,0,1,0,0,0,0,1,0,0,0,1,0,0,0,1
2235,0,40,8,93620,2.0,11,8.0,6,2,2,2,3,4,1.0,1.0,3.0,1,1,1,1,1,1,1,0,0,0,0,0,1,0,0,0,1,0,0,1,0,1,0,0,0,0,0,0,0,0,0,1,0,1,1,0,0
2184,0,38,2,84460,0.0,14,7.0,3,6,1,2,3,4,4.0,4.0,3.0,1,1,1,1,1,1,0,0,0,0,0,0,0,1,0,1,0,0,0,0,1,0,0,1,0,0,0,0,1,0,1,0,1,0,0,0,0
2074,0,41,4,121690,1.0,19,5.0,2,5,0,4,3,4,4.0,3.0,4.0,1,1,1,1,1,2,1,0,0,0,0,0,0,0,1,0,1,0,1,0,0,0,0,1,0,0,0,0,0,0,0,0,1,0,0,0,0
3063,0,34,1,86210,1.0,17,5.0,1,5,0,0,3,4,4.0,2.0,4.0,1,1,1,1,1,1,1,0,0,0,0,0,1,0,0,0,0,1,0,0,0,1,0,0,0,0,1,0,0,0,0,0,0,1,1,0,0
3848,1,18,4,24790,1.0,6,0.0,2,0,0,0,1,3,2.0,2.0,1.0,1,1,1,1,1,0,1,0,0,0,0,1,0,0,0,1,0,0,0,0,1,0,0,1,0,0,0,0,0,0,0,1,1,0,1,0,0
3274,0,32,1,88580,6.0,16,10.0,2,5,1,3,3,4,4.0,4.0,3.0,1,1,1,1,1,1,1,0,1,0,0,0,0,0,0,1,0,0,0,0,0,0,1,0,0,0,1,0,0,0,1,0,0,1,1,0,0
2781,0,28,17,25000,1.0,16,6.0,3,5,0,4,3,2,3.0,2.0,3.0,1,1,1,1,1,0,0,0,0,0,0,0,0,0,0,0,1,0,0,1,0,1,0,0,0,0,0,0,0,0,0,0,1,0,0,1,0
2384,0,27,2,27830,6.0,16,6.0,2,2,2,2,3,3,4.0,3.0,3.0,1,1,1,1,1,0,1,0,0,0,0,0,0,0,0,0,0,0,1,0,0,0,0,1,0,0,0,0,0,0,0,0,1,0,1,0,0
3830,1,46,22,59800,4.0,9,28.0,2,7,4,3,1,3,1.0,1.0,1.0,1,1,1,1,1,2,1,0,0,0,1,0,0,0,0,0,1,0,0,0,0,0,0,1,0,0,0,0,0,0,0,0,1,0,1,0,0
4198,1,33,6,66520,7.0,15,8.0,5,4,1,3,2,2,1.0,4.0,1.0,1,1,1,1,1,1,1,0,0,0,0,1,0,0,0,0,1,0,0,1,0,0,1,0,0,0,1,0,0,0,0,0,0,1,0,0,0
4087,1,35,11,173990,6.0,6,7.0,3,2,2,2,3,2,3.0,3.0,1.0,1,1,1,1,1,1,1,0,0,1,0,0,0,0,0,0,1,0,1,0,0,1,0,0,0,0,1,0,0,0,0,0,1,0,0,0,0
1590,0,36,2,79180,2.0,12,8.0,3,6,0,1,3,3,2.0,3.0,4.0,1,1,1,1,1,1,1,0,0,0,0,0,0,1,0,0,1,0,0,1,0,0,0,0,0,1,0,0,0,0,0,1,0,0,0,1,0
2705,0,50,7,23220,7.0,25,4.0,0,2,2,2,4,4,4.0,4.0,3.0,1,1,1,1,1,2,1,0,0,0,0,0,1,0,0,0,1,0,1,0,0,1,0,0,0,0,1,0,0,0,1,0,0,1,1,0,0
2912,0,37,6,71430,2.0,21,8.0,6,1,0,0,4,4,3.0,4.0,4.0,1,1,1,1,1,1,1,0,0,0,0,0,0,1,0,0,1,0,0,1,0,1,0,0,0,0,0,0,1,0,0,0,1,0,0,0,0
2618,0,31,6,53430,1.0,14,13.0,3,13,0,8,3,4,4.0,2.0,4.0,1,1,1,1,1,1,1,0,0,0,0,1,0,0,0,0,1,0,1,0,0,1,0,0,0,0,1,0,0,0,0,0,1,0,1,0,0
3399,0,42,1,23720,3.0,18,14.0,3,0,0,0,3,3,4.0,3.0,2.0,1,1,1,1,1,2,0,0,0,0,0,0,0,1,0,0,1,0,1,0,0,1,0,0,0,0,0,0,0,0,0,0,0,1,1,0,0
2135,0,34,11,22350,2.0,14,9.0,2,5,1,0,3,4,3.0,2.0,4.0,1,1,1,1,1,1,0,0,0,0,0,0,0,1,0,0,1,1,0,0,0,0,0,0,0,1,0,0,0,0,1,0,0,1,1,0,0
4123,1,27,10,102310,1.0,9,1.0,2,1,0,0,1,1,2.0,2.0,1.0,1,1,1,1,1,0,1,0,1,0,0,0,0,0,0,1,0,0,0,0,0,1,0,0,0,0,0,0,1,0,1,0,0,1,1,0,0
1751,0,40,1,37800,7.0,12,7.0,2,5,1,3,3,4,4.0,2.0,3.0,1,1,1,1,1,1,0,0,0,0,0,0,1,0,0,0,1,0,1,0,0,0,0,1,0,0,1,0,0,0,0,0,1,0,0,0,0
3363,0,39,2,102520,8.0,13,7.0,3,2,2,2,3,3,4.0,4.0,3.0,1,1,1,1,1,1,1,0,0,0,0,0,0,0,0,0,1,0,1,0,0,0,0,0,0,1,0,1,0,0,0,0,1,0,1,0,0
1099,0,58,6,29720,0.0,14,38.0,2,37,1,8,3,3,4.0,4.0,4.0,1,1,1,1,1,3,1,0,0,0,0,0,0,1,0,0,1,0,0,1,0,1,0,0,0,0,1,0,0,0,0,1,1,0,0,0,0
529,0,31,19,38940,1.0,12,10.0,3,10,1,8,3,4,4.0,2.0,3.0,1,1,1,1,1,1,0,0,0,0,0,0,0,1,0,0,1,0,0,0,0,0,1,0,0,0,0,0,0,0,0,1,0,1,0,0,0
91,0,40,6,50870,3.0,14,10.0,3,7,1,7,3,2,4.0,3.0,3.0,1,1,1,1,1,1,1,0,0,0,0,0,0,1,0,0,1,0,1,0,0,0,0,0,1,0,1,0,0,0,1,0,1,0,1,0,0
239,0,50,7,23220,7.0,25,4.0,0,2,2,2,4,3,4.0,4.0,4.0,1,1,1,1,1,2,1,0,0,0,0,0,1,0,0,0,1,0,1,0,0,1,0,0,0,0,1,0,0,0,1,0,0,1,1,0,0
3108,0,45,8,38330,2.0,14,24.0,1,7,0,7,3,3,3.0,4.0,4.0,1,1,1,1,1,2,1,0,0,0,0,0,0,1,0,0,1,1,0,0,0,0,1,0,0,0,0,0,0,0,0,0,0,1,0,0,0
3965,1,26,2,59930,0.0,8,8.0,3,7,1,0,2,3,2.0,2.0,3.0,1,1,1,1,1,0,0,0,1,0,0,0,0,0,0,1,0,0,0,0,0,1,0,0,0,0,1,0,0,0,0,0,1,0,0,0,0
2809,0,43,6,48760,4.0,16,4.0,4,1,0,0,3,4,4.0,3.0,4.0,1,1,1,1,1,2,1,0,0,0,0,0,0,1,0,0,1,0,0,1,0,0,1,0,0,0,1,0,0,0,0,0,0,1,0,1,0
2328,0,32,12,101690,1.0,14,12.0,6,11,5,7,3,3,4.0,4.0,3.0,1,1,1,1,1,1,1,0,0,0,0,0,1,0,0,0,1,0,1,0,0,0,1,0,0,0,0,0,0,0,0,1,0,1,0,0,0
4174,1,28,13,58130,2.0,10,5.0,2,0,0,0,4,3,1.0,1.0,2.0,1,1,1,1,1,0,1,0,0,0,0,0,0,1,0,0,1,1,0,0,0,0,0,1,0,0,1,0,0,0,0,1,1,0,1,0,0
1918,0,34,20,41940,0.0,17,12.0,3,11,5,7,3,4,3.0,2.0,2.0,1,1,1,1,1,1,0,0,0,0,0,0,1,0,0,0,1,0,0,0,1,0,1,0,0,0,0,0,0,0,1,0,0,1,0,1,0
2372,0,19,1,152020,1.0,18,1.0,2,1,0,0,3,3,4.0,4.0,3.0,1,1,1,1,1,0,0,0,0,0,1,0,0,0,0,0,1,0,1,0,0,0,0,0,1,0,0,0,0,1,0,1,1,0,0,0,1
3801,1,28,18,41970,1.0,11,1.0,3,1,0,0,1,3,3.0,1.0,3.0,1,1,1,1,1,0,1,0,0,0,0,0,0,1,0,0,1,0,0,1,0,1,0,0,0,0,1,0,0,0,1,0,1,0,0,0,0
1718,0,35,14,65380,2.0,16,15.0,3,7,6,4,3,3,4.0,4.0,4.0,1,1,1,1,1,1,0,0,0,0,0,0,1,0,0,0,1,0,0,0,1,0,0,1,0,0,1,0,0,0,0,0,1,0,1,0,0
3771,1,31,34,25930,0.0,14,4.0,2,3,1,2,3,2,1.0,4.0,1.0,1,1,1,1,1,1,1,0,0,0,0,0,1,0,0,0,0,0,0,1,0,0,0,1,0,0,1,0,0,0,0,1,1,0,0,0,0
1893,0,49,6,50940,3.0,15,29.0,5,8,0,7,3,4,4.0,1.0,3.0,1,1,1,1,1,2,0,0,0,0,0,0,0,1,0,0,1,0,1,0,0,0,0,0,0,1,1,0,0,0,0,0,1,0,0,0,0
1401,0,31,2,29090,9.0,14,10.0,2,5,0,1,3,3,4.0,3.0,3.0,1,1,1,1,1,1,0,0,0,0,0,0,0,1,0,0,1,0,0,1,0,1,0,0,0,0,0,0,0,0,0,0,1,0,0,1,0
599,0,34,4,45530,4.0,18,10.0,2,8,7,7,3,2,4.0,3.0,4.0,1,1,1,1,1,1,1,0,0,0,0,0,1,0,0,0,1,0,1,0,0,1,0,0,0,0,0,0,0,0,1,0,1,0,1,0,0
4291,1,31,4,71040,1.0,14,3.0,3,3,2,2,3,3,3.0,2.0,3.0,1,1,1,1,1,1,1,0,0,0,0,0,0,1,0,1,0,0,0,0,0,1,0,0,0,0,0,0,0,0,0,1,1,0,1,0,0
2019,0,33,14,63850,1.0,13,7.0,6,6,1,2,3,3,4.0,4.0,3.0,1,1,1,1,1,1,0,0,0,0,0,0,0,0,0,0,0,1,0,0,0,0,0,1,0,0,1,0,0,0,0,0,1,0,0,0,0
3414,0,54,11,66740,3.0,14,9.0,2,4,2,3,3,3,2.0,3.0,4.0,1,1,1,1,1,3,1,0,0,0,0,0,1,0,0,0,1,0,1,0,0,0,0,0,1,0,0,1,0,0,1,0,1,0,1,0,0
2289,0,35,4,48980,2.0,15,10.0,2,4,2,3,3,4,1.0,1.0,3.0,1,1,1,1,1,1,0,0,0,0,1,0,0,0,0,0,0,0,0,1,0,0,0,0,0,1,0,1,0,0,1,0,1,0,0,1,0
2921,0,28,1,67810,0.0,15,10.0,2,9,1,7,3,4,4.0,3.0,2.0,1,1,1,1,1,0,0,0,1,0,0,0,0,0,0,0,1,0,1,0,0,0,0,0,0,0,0,0,1,0,0,0,0,0,1,0,0
123,0,39,21,30670,1.0,20,21.0,5,21,1,6,4,4,4.0,2.0,2.0,1,1,1,1,1,1,0,0,0,0,0,0,0,1,0,1,0,0,0,1,0,0,0,0,0,1,0,0,0,0,0,0,1,0,1,0,0
3804,1,22,26,26540,0.0,19,1.0,5,0,0,0,3,2,1.0,3.0,1.0,1,1,1,1,1,0,1,0,0,0,0,0,0,0,1,1,0,0,0,1,0,0,0,1,0,0,0,0,0,0,1,0,1,0,0,0,0
3744,1,47,5,27740,4.0,9,11.279936378095888,2,5,1,3,3,1,1.0,3.0,2.0,1,0,1,1,1,2,1,0,0,0,0,1,0,0,0,1,0,0,1,0,0,1,0,0,0,0,0,0,0,0,0,1,1,0,1,0,0
178,0,52,2,99800,2.6948303347756775,11,18.0,2,10,6,9,3,3,1.0,4.0,3.0,0,1,1,1,1,3,1,0,1,0,0,0,0,0,0,0,1,0,0,0,0,0,0,1,0,0,0,0,0,0,0,0,0,1,1,0,0
3518,0,37,14,20640,4.0,14,8.0,3,1,0,0,3,2,4.0,2.0,4.0,1,1,1,1,1,1,0,0,0,0,0,0,0,1,0,0,1,0,1,0,0,1,0,0,0,0,0,1,0,0,1,0,1,0,0,0,0
4332,1,47,1,196270,7.0,3,25.0,1,23,14,10,1,4,2.94709236031927,3.0,4.0,1,1,0,1,1,2,0,0,0,0,0,0,0,1,0,1,0,0,1,0,0,0,0,1,0,0,1,0,0,0,1,0,1,0,0,1,0
2153,0,45,6,29940,4.0,18,12.0,2,4,0,3,3,4,1.0,4.0,4.0,1,1,1,1,1,2,0,0,0,1,0,0,0,0,0,1,0,0,0,1,0,1,0,0,0,0,1,0,0,0,0,1,1,0,1,0,0
1053,0,46,16,40350,4.0,14,14.0,2,9,0,8,3,3,2.0,3.0,3.0,1,1,1,1,1,2,1,0,0,0,0,0,0,1,0,1,0,0,1,0,0,0,0,0,0,1,0,1,0,0,0,1,1,0,1,0,0
1377,0,30,8,188800,0.0,22,12.0,3,11,6,7,4,4,4.0,3.0,4.0,1,1,1,1,1,0,1,0,1,0,0,0,0,0,0,0,0,1,0,0,0,1,0,0,0,0,0,1,0,0,0,1,0,1,1,0,0
1060,0,35,2,63880,3.0,13,4.0,6,2,2,2,3,4,4.0,4.0,4.0,1,1,1,1,1,1,0,0,1,0,0,0,0,0,0,0,1,1,0,0,0,1,0,0,0,0,0,0,0,0,1,0,0,0,0,0,0
3818,1,44,6,63220,4.0,8,10.0,2,3,1,2,2,3,2.0,3.0,1.0,1,1,1,1,1,2,1,0,1,0,0,0,0,0,0,0,1,0,1,0,0,1,0,0,0,0,0,0,0,0,1,0,0,1,1,0,0
1701,0,29,1,27160,0.0,18,8.0,2,7,1,1,3,4,3.0,4.0,4.0,1,1,1,1,1,0,1,0,0,0,0,0,1,0,0,1,0,0,0,1,0,0,0,1,0,0,0,1,0,0,0,0,1,0,0,0,0
3656,0,22,1,129360,1.0,22,4.0,3,4,2,2,3,4,4.0,4.0,3.0,1,1,1,1,1,0,0,0,0,0,0,0,0,0,0,0,1,0,1,0,0,1,0,0,0,0,0,0,1,0,0,0,1,0,0,1,0
2211,0,40,1,50710,8.0,17,8.0,3,1,0,0,3,4,3.0,1.0,4.0,1,1,1,1,1,1,1,0,0,0,0,1,0,0,0,0,1,0,0,1,0,0,0,1,0,0,1,0,0,0,1,0,1,0,1,0,0
2640,0,37,6,41930,4.0,16,12.0,5,6,1,2,2,4,2.0,3.0,4.0,1,1,1,1,1,1,1,0,0,0,0,0,0,1,0,0,1,0,0,0,0,1,0,0,0,0,0,0,0,0,0,1,1,0,1,0,0
160,0,35,18,29660,9.0,18,15.0,2,11,6,9,3,4,2.0,4.0,4.0,1,1,1,1,1,1,0,0,0,0,0,0,0,0,1,0,1,0,1,0,0,0,0,1,0,0,0,0,0,0,1,0,1,0,0,0,0
4374,1,32,12,165980,1.0,11,10.0,2,10,6,7,3,3,1.0,3.0,2.0,1,1,1,1,1,1,0,0,0,0,1,0,0,0,0,1,0,0,1,0,0,0,0,1,0,0,1,0,0,0,0,1,1,0,0,0,0
3904,1,26,5,24040,1.0,4,1.0,6,1,0,1,3,2,3.0,3.0,2.0,1,1,1,1,1,0,1,0,0,1,0,0,0,0,0,0,1,0,1,0,0,0,1,0,0,0,1,0,0,0,0,1,0,1,0,0,0
4307,1,31,8,65000,6.0,16,7.0,5,2,2,2,4,4,3.0,3.0,1.0,1,1,1,1,1,1,1,0,1,0,0,0,0,0,0,1,0,0,0,1,0,1,0,0,0,0,0,0,0,0,1,0,1,0,1,0,0
434,0,46,10,89430,8.0,12,19.0,6,16,1,7,3,3,4.0,2.0,4.0,1,1,1,1,1,2,0,0,0,0,0,0,0,0,0,0,1,0,1,0,0,0,1,0,0,0,0,1,0,0,0,0,0,1,1,0,0
398,0,22,6,49070,2.6948303347756775,21,4.0,2,4,1,1,4,3,2.0,3.0,3.0,0,1,1,1,1,0,1,0,0,0,0,0,0,0,1,0,1,0,1,0,0,0,0,0,1,0,1,0,0,0,1,0,1,0,1,0,0
2500,0,51,2,56750,5.0,13,13.0,2,4,1,2,3,3,2.0,4.0,3.0,1,1,1,1,1,3,1,0,1,0,0,0,0,0,0,0,1,0,1,0,0,1,0,0,0,0,1,0,0,0,0,0,1,0,0,0,0
2111,0,18,2,186060,1.0,24,0.0,4,0,0,0,4,3,2.0,4.0,4.0,1,1,1,1,1,0,1,0,0,0,0,0,0,0,1,0,0,0,1,0,0,1,0,0,0,0,0,1,0,0,0,1,1,0,0,1,0
918,0,31,20,182130,8.0,21,4.0,3,2,2,2,4,3,2.0,2.0,4.0,1,1,1,1,1,1,0,0,0,0,1,0,0,0,0,0,1,1,0,0,0,1,0,0,0,0,0,1,0,0,0,0,0,1,0,1,0
1568,0,47,12,65530,0.0,15,8.0,2,7,7,7,3,3,1.0,4.0,4.0,1,1,1,1,1,2,0,0,0,0,0,1,0,0,0,0,1,0,0,1,0,0,1,0,0,0,0,1,0,0,1,0,0,1,0,0,0
3600,0,32,2,77560,0.0,11,9.0,3,8,0,7,4,3,4.0,3.0,4.0,1,1,1,1,1,1,1,0,1,0,0,0,0,0,0,1,0,0,1,0,0,0,1,0,0,0,0,1,0,0,0,0,0,1,0,0,0
4330,1,23,14,75250,1.0,8,3.0,2,3,0,2,1,1,1.0,2.0,3.0,1,1,1,1,1,0,1,0,0,0,0,0,1,0,0,0,1,1,0,0,0,0,0,1,0,0,1,0,0,0,0,0,1,0,0,1,0
2381,0,40,9,52950,7.0,18,15.0,4,12,2,11,3,2,3.0,3.0,2.0,1,1,1,1,1,1,1,0,1,0,0,0,0,0,0,0,1,1,0,0,0,0,0,0,0,1,0,0,1,0,1,0,1,0,0,0,0
2218,0,52,2,46140,2.0,16,16.0,3,9,0,0,3,4,1.0,2.0,3.0,1,1,1,1,1,3,1,0,0,1,0,0,0,0,0,0,0,0,0,1,0,0,0,0,1,0,0,0,0,0,0,0,1,0,1,0,0
4070,1,31,8,65000,6.0,20,7.0,5,2,2,2,2,4,2.0,3.0,3.0,1,1,1,1,1,1,1,0,1,0,0,0,0,0,0,1,0,0,0,1,0,1,0,0,0,0,0,0,0,0,1,0,1,0,1,0,0
1488,0,35,4,51630,2.0,18,16.0,4,1,0,0,3,3,3.0,2.0,3.0,1,1,1,1,1,1,1,0,0,0,0,0,0,0,0,0,0,0,0,0,0,0,0,1,0,0,0,0,0,0,0,0,1,0,0,1,0
1572,0,33,6,38150,3.0,11,7.0,3,4,0,3,3,1,4.0,3.0,3.0,1,1,1,1,1,1,1,0,0,0,1,0,0,0,0,0,1,0,1,0,0,1,0,0,0,0,1,0,0,0,0,0,0,1,1,0,0
972,0,47,17,46390,0.0,11,14.0,2,13,5,12,3,2,2.0,2.0,4.0,1,1,1,1,1,2,1,0,0,0,0,0,0,1,0,0,0,1,0,0,0,0,0,1,0,0,0,0,0,0,1,0,1,0,1,0,0
4058,1,31,2,53960,7.0,13,3.0,2,1,0,0,2,2,1.0,3.0,2.0,1,1,1,1,1,1,0,0,0,0,1,0,0,0,0,1,0,1,0,0,0,0,0,1,0,0,1,0,0,0,0,1,1,0,1,0,0
1246,0,21,2,42130,1.0,12,3.0,3,3,1,0,3,2,2.0,4.0,4.0,1,1,1,1,1,0,1,0,1,0,0,0,0,0,0,0,1,1,0,0,0,1,0,0,0,0,0,0,0,0,0,1,1,0,0,0,1
1712,0,42,1,30340,7.0,21,9.0,3,6,1,5,4,4,2.0,4.0,3.0,1,1,1,1,1,2,1,0,1,0,0,0,0,0,0,0,1,1,0,0,0,1,0,0,0,0,0,0,1,0,0,1,1,0,1,0,0
2302,0,36,2,20180,1.0,13,6.0,5,6,0,3,3,4,3.0,1.0,2.0,1,1,1,1,1,1,0,0,1,0,0,0,0,0,0,1,0,0,1,0,0,1,0,0,0,0,1,0,0,0,0,1,1,0,0,0,0
1588,0,48,1,21770,4.0,18,13.0,4,0,0,0,3,4,3.0,4.0,4.0,1,1,1,1,1,2,1,0,0,0,0,0,1,0,0,0,1,0,0,1,0,0,0,1,0,0,0,0,0,0,1,0,1,0,0,0,0
1234,0,32,14,193280,1.0,15,5.0,2,5,0,3,3,4,2.0,2.0,4.0,1,1,1,1,1,1,1,0,0,0,0,0,0,1,0,1,0,0,0,1,0,0,0,0,1,0,0,0,1,0,1,0,1,0,0,0,1
587,0,25,5,20450,3.0,19,7.0,3,3,1,2,3,4,3.0,4.0,4.0,1,1,1,1,1,0,0,0,0,0,0,0,1,0,0,0,1,1,0,0,0,0,0,1,0,0,0,0,1,0,1,0,1,0,0,0,0
950,0,43,2,90940,1.0,12,10.0,0,10,0,9,3,2,2.0,4.0,3.0,1,1,1,1,1,2,1,0,0,0,0,0,1,0,0,0,1,0,1,0,0,0,0,1,0,0,0,0,0,0,1,0,1,0,1,0,0
2598,0,30,20,24060,2.0,20,11.0,5,5,0,2,4,4,3.0,3.0,4.0,1,1,1,1,1,0,1,0,0,0,0,0,0,1,0,0,1,0,1,0,0,0,1,0,0,0,0,0,0,0,0,1,0,1,1,0,0
3608,0,53,11,35170,2.0,19,13.0,1,7,4,5,3,4,4.0,4.0,2.0,1,1,1,1,1,3,0,0,0,0,1,0,0,0,0,0,1,1,0,0,0,1,0,0,0,0,0,0,0,1,1,0,0,1,1,0,0
1533,0,34,2,23230,0.0,17,4.0,2,3,0,2,3,4,4.0,4.0,2.0,1,1,1,1,1,1,1,0,0,0,0,0,1,0,0,0,1,0,0,0,1,1,0,0,0,0,0,0,1,0,1,0,0,1,0,0,0
3734,1,31,11,189470,2.0,8,9.0,2,3,1,2,3,3,2.0,2.0,2.0,1,1,1,1,1,1,0,0,0,0,0,0,0,0,1,0,1,0,0,0,0,0,0,1,0,0,0,0,0,0,0,0,1,0,0,1,0
2415,0,35,1,22750,5.0,13,10.0,2,6,1,2,3,3,3.0,4.0,2.0,1,1,1,1,1,1,1,0,0,0,0,1,0,0,0,1,0,0,1,0,0,0,0,0,1,0,1,0,0,0,0,1,1,0,0,0,0
893,0,29,1,26780,1.0,25,1.0,3,1,0,0,4,3,3.0,3.0,4.0,1,1,1,1,1,0,1,0,0,0,0,0,0,1,0,0,1,1,0,0,0,0,0,1,0,0,0,1,0,0,1,0,1,0,1,0,0
2293,0,35,2,63880,3.0,13,4.0,6,2,2,2,3,4,4.0,2.0,2.0,1,1,1,1,1,1,0,0,1,0,0,0,0,0,0,0,1,1,0,0,0,1,0,0,0,0,0,0,0,0,1,0,0,0,0,0,0
2486,0,42,3,89260,1.0,14,20.0,4,20,11,6,3,2,1.0,4.0,1.0,1,1,1,1,1,2,1,0,0,0,1,0,0,0,0,0,1,0,0,1,0,1,0,0,0,0,0,0,0,0,1,0,1,0,0,0,0
2433,0,36,13,67350,8.0,25,16.0,3,13,3,7,4,3,4.0,4.0,4.0,1,1,1,1,1,1,1,0,0,0,0,0,0,0,0,0,1,0,0,1,0,1,0,0,0,0,0,0,0,0,0,1,1,0,0,1,0
2094,0,39,2,51550,2.0,18,7.0,3,2,2,2,3,3,3.0,3.0,3.0,1,1,1,1,1,1,1,0,0,0,0,0,0,0,0,1,0,0,0,0,0,0,0,1,0,0,1,0,0,0,0,0,1,0,1,0,0
792,0,55,18,23420,5.0,11,8.0,2,4,1,2,3,4,1.0,4.0,3.0,1,1,1,1,1,3,1,0,1,0,0,0,0,0,0,0,1,0,0,0,0,1,0,0,0,0,0,0,0,1,0,0,1,0,0,1,0
3139,0,29,6,40370,0.0,14,4.0,2,3,0,2,3,4,3.0,2.0,1.0,1,1,1,1,1,0,1,0,0,0,0,0,1,0,0,1,0,0,0,0,0,0,0,1,0,0,0,0,0,0,1,0,1,0,0,0,0
3350,0,32,7,43270,8.0,18,4.0,4,0,0,0,3,3,3.0,4.0,4.0,1,1,1,1,1,1,1,0,0,0,0,0,0,1,0,1,0,0,0,1,0,1,0,0,0,0,0,0,1,0,0,1,0,1,0,0,0
3761,1,22,18,124900,0.0,11,4.0,3,3,0,2,2,4,2.0,2.0,1.0,1,1,1,1,1,0,0,0,1,0,0,0,0,0,0,0,1,0,0,1,0,1,0,0,0,0,0,0,0,0,1,0,1,0,0,0,0
1704,0,38,1,38160,1.0,13,7.0,2,7,5,0,3,4,4.0,1.0,4.0,1,1,1,1,1,1,0,1,0,0,0,0,0,0,0,0,1,0,1,0,0,0,0,1,0,0,0,0,0,0,1,0,1,0,0,1,0
2882,0,32,12,69290,9.0,20,10.0,6,8,7,7,4,3,3.0,1.0,2.0,1,1,1,1,1,1,1,0,0,1,0,0,0,0,0,0,0,0,1,0,0,0,0,1,0,0,1,0,0,0,0,1,1,0,0,0,0
2893,0,26,2,139640,1.0,11,5.0,1,5,1,3,3,2,3.0,4.0,4.0,1,1,1,1,1,0,1,0,1,0,0,0,0,0,0,1,0,0,1,0,0,0,0,1,0,0,1,0,0,0,0,0,1,0,0,1,0
3284,0,23,5,103220,1.0,14,3.0,2,3,1,2,3,4,3.0,4.0,3.0,1,1,1,1,1,0,1,0,0,0,1,0,0,0,0,0,1,0,0,1,0,1,0,0,0,0,0,1,0,0,0,1,0,1,0,1,0
3827,1,31,5,30570,1.0,13,1.0,3,1,0,0,3,3,3.0,3.0,3.0,1,1,1,1,1,1,1,0,0,1,0,0,0,0,0,1,0,0,1,0,0,1,0,0,0,0,1,0,0,0,0,1,0,1,0,0,0
4303,1,25,19,198590,3.0,12,6.0,3,3,2,2,2,3,3.0,4.0,1.0,1,1,1,1,1,0,1,0,0,0,0,0,1,0,0,0,1,0,0,1,0,1,0,0,0,0,1,0,0,0,1,0,0,1,0,0,0
2157,0,27,2,135770,1.0,12,6.0,2,5,1,2,3,3,4.0,3.0,4.0,1,1,1,1,1,0,1,0,0,0,0,0,0,0,0,0,1,1,0,0,0,0,0,0,0,1,1,0,0,0,1,0,0,1,1,0,0
610,0,25,6,22160,2.0,13,6.0,2,3,1,2,3,4,4.0,2.0,4.0,1,1,1,1,1,0,1,0,0,0,0,0,0,1,0,0,1,0,0,1,0,1,0,0,0,0,0,0,0,0,1,0,1,0,0,0,1
230,0,27,8,132450,1.0,23,9.0,3,9,0,7,4,3,3.0,4.0,4.0,1,1,1,1,1,0,1,0,0,0,0,0,1,0,0,0,1,0,1,0,0,0,0,1,0,0,0,0,0,1,1,0,1,0,1,0,0
1547,0,37,19,42570,4.0,15,9.0,2,1,0,0,3,3,2.0,4.0,4.0,1,1,1,1,1,1,0,0,1,0,0,0,0,0,0,0,1,1,0,0,0,1,0,0,0,0,0,0,1,0,0,0,0,1,0,0,0
1602,0,29,23,192020,1.0,12,3.0,5,3,0,2,3,4,2.0,3.0,4.0,1,1,1,1,1,0,1,0,0,0,0,0,0,0,1,1,0,0,0,0,0,1,0,0,0,0,0,0,0,0,1,0,1,0,0,0,0
130,0,52,10,48780,2.0,11,31.0,3,5,1,4,3,3,3.0,2.0,3.0,1,1,1,1,1,3,1,0,0,0,0,0,1,0,0,0,1,0,1,0,0,0,0,1,0,0,1,0,0,0,1,0,1,0,1,0,0
2124,0,46,18,34910,2.0,14,25.0,0,19,2,8,3,3,4.0,4.0,3.0,1,1,1,1,1,2,1,0,1,0,0,0,0,0,0,0,1,0,0,0,0,1,0,0,0,0,1,0,0,0,0,0,1,0,0,0,0
1515,0,33,2,59020,0.0,12,14.0,2,13,3,7,3,4,2.0,4.0,4.0,1,1,1,1,1,1,1,0,0,0,1,0,0,0,0,0,1,0,0,1,0,1,0,0,0,0,0,0,1,0,1,0,1,0,1,0,0
1774,0,33,6,161840,0.0,13,10.0,2,9,0,8,3,4,4.0,3.0,2.0,1,1,1,1,1,1,0,0,0,0,0,0,1,0,0,0,1,1,0,0,0,1,0,0,0,0,1,0,0,0,0,0,1,0,1,0,0
2952,0,34,5,43060,0.0,11,14.0,2,13,4,9,3,3,4.0,1.0,4.0,1,1,1,1,1,1,1,0,0,0,0,1,0,0,0,1,0,1,0,0,0,1,0,0,0,0,0,0,0,0,0,1,1,0,0,0,0
907,0,36,4,177790,1.0,17,10.0,5,10,0,8,3,2,1.0,4.0,4.0,1,1,1,1,1,1,0,0,0,0,1,0,0,0,0,1,0,0,1,0,0,0,0,1,0,0,0,0,1,0,0,1,1,0,1,0,0
1371,0,26,2,24360,1.0,24,3.0,2,3,0,2,4,3,4.0,4.0,4.0,1,1,1,1,1,0,0,0,0,0,0,0,0,0,0,0,1,1,0,0,0,0,0,1,0,0,0,0,1,0,0,0,1,0,0,0,0
1116,0,43,2,24080,1.0,12,25.0,3,25,4,12,3,4,4.0,4.0,3.0,1,1,1,1,1,2,1,0,0,0,0,0,0,1,0,1,0,0,0,1,0,1,0,0,0,0,0,0,0,0,1,0,1,0,1,0,0
924,0,27,2,135770,1.0,12,6.0,2,5,1,2,3,4,4.0,3.0,4.0,1,1,1,1,1,0,1,0,0,0,0,0,0,0,0,0,1,1,0,0,0,0,0,0,0,1,1,0,0,0,1,0,0,1,1,0,0
2553,0,42,2,21330,3.0,13,14.0,2,1,0,0,3,4,3.0,4.0,3.0,1,1,1,1,1,2,0,0,1,0,0,0,0,0,0,0,1,1,0,0,0,0,0,1,0,0,0,0,0,0,0,1,0,1,0,1,0
3663,0,41,1,68830,3.0,19,16.0,3,1,0,0,3,3,4.0,4.0,3.0,1,1,1,1,1,2,1,1,0,0,0,0,0,0,0,0,1,0,1,0,0,1,0,0,0,0,1,0,0,0,0,1,1,0,0,1,0
856,0,46,7,57310,8.0,17,6.0,2,2,2,2,3,3,4.0,3.0,1.0,1,1,1,1,1,2,1,0,0,0,1,0,0,0,0,0,0,1,0,0,0,1,0,0,0,0,1,0,0,0,0,1,1,0,0,0,0
4097,1,32,31,88230,6.0,9,10.0,3,0,0,0,2,2,2.0,2.0,2.0,1,1,1,1,1,1,0,0,0,0,0,1,0,0,0,0,1,0,1,0,0,0,0,1,0,0,1,0,0,0,0,1,1,0,0,1,0
3695,0,29,2,26790,2.0,14,10.0,2,3,0,2,3,4,4.0,4.0,2.0,1,1,1,1,1,0,1,0,1,0,0,0,0,0,0,0,1,0,0,1,0,0,0,1,0,0,0,0,0,0,0,0,1,0,0,0,0
3647,0,37,6,29290,1.0,11,8.0,2,8,1,7,3,4,4.0,4.0,4.0,1,1,1,1,1,1,0,0,0,0,0,0,1,0,0,0,1,0,1,0,0,1,0,0,0,0,0,0,0,0,1,0,1,0,0,0,0
